EntryTime,ExitTime,Tag,PnL,ReturnPct,entry_bar,regime_label,bull_alignment,weekly_bull,daily_bull,exec_bull_structure,exec_slope_up,entry_close,entry_ema20,entry_cont_high,entry_cont_gap_atr,entry_close_ema20_gap_atr,entry_exec_distance_atr,entry_atr_ratio,entry_adx,entry_di_spread,recent_close_below_ema20_1,recent_close_below_ema20_2,label_tight,candidate_in_tight,recent_close_below_ema20_tight,breakout_like_tight,label_center,candidate_in_center,recent_close_below_ema20_center,breakout_like_center,label_loose,candidate_in_loose,recent_close_below_ema20_loose,breakout_like_loose,candidate_consensus_count,orderly_reset,multi_bar_support_acceptance,support_to_release_sequence,group,momentum_persistence,in_support_acceptance_parent,b3_bar,b2_bar,b1_bar,e0_bar,close_gap_pre_min,low_gap_pre_min,pre_range_atr,pre_last_range_atr,pre_prev2_avg_range_atr,pre_last_vs_prev2_range_ratio,b1_di_spread,e0_di_spread,b1_adx,e0_adx,b1_atr_ratio,e0_atr_ratio,support_stability_preserved,pre_release_tightening_or_containment,directional_preparation_present,in_parent,in_orderly_reset_parent,gate_support_stability_preserved,gate_base_compact,gate_directional_preparation_present,pre_acceptance_gate_intact,b4_bar,b3_bar_gate,b2_bar_gate,b1_bar_gate,e0_bar_gate,gate_close_gap_min_b4b1,gate_low_gap_min_b4b1,gate_pre_range_atr_b4b1,gate_b1_di_spread,gate_e0_di_spread,gate_b1_adx,gate_e0_adx,gate_e0_atr_ratio,b2_di_spread,b1_di_spread_missing,acceptance_missing_layer_present,b2_low_gap_atr_support,b1_low_gap_atr_support,support_residence_missing_layer_present,b4_low_gap_atr_support,b3_low_gap_atr_support,b2_low_gap_atr_support_ctx,b1_low_gap_atr_support_ctx,min_low_gap_atr_support_b4b1
2019-04-22 08:00:00+00:00,2019-04-24 16:00:00+00:00,Long1,22.62615133683996,0.0226374644549763,595,other,True,True,True,True,True,5275.0,5248.7023002196265,5314.35,0.6762784232329873,0.4519584991645562,1.3073889450848877,0.9840331761534066,17.490234290926296,1.6396468845032928,True,True,excluded_reclaim_damage,False,True,False,excluded_reclaim_damage,False,True,False,excluded_reclaim_damage,False,True,False,0,False,False,False,outside_orderly_reset,False,False,592,593,594,595,0.0,-0.9155192251925824,1.352213121727348,0.6329902534231221,1.1602441798244056,0.5455664113039727,-3.4693852689348805,1.6396468845032928,18.4928549227783,17.490234290926296,0.9831135065945158,0.9840331761534066,False,True,False,False,False,False,True,False,False,591,592,593,594,595,0.0,-1.0018215159133033,1.4286918760700835,-3.4693852689348805,1.6396468845032928,18.4928549227783,17.490234290926296,0.9840331761534066,,,False,,,False,-1.0018215159133033,-0.9155192251925823,-0.6323239595595705,-0.4778926085922381,-1.0018215159133033
2019-05-06 12:00:00+00:00,2019-05-17 00:00:00+00:00,Long1,280.24402377878755,0.2803207296134343,680,unstable_transition,True,True,True,True,True,5730.98,5699.005767828285,5874.34,1.545130228076769,0.3446174152348019,1.6526216333057466,1.0632859130012906,29.78949146243034,1.5507414037653042,False,True,excluded_energy_quality,False,False,False,excluded_reclaim_damage,False,True,False,excluded_reclaim_damage,False,True,False,0,False,False,False,outside_orderly_reset,False,False,677,678,679,680,0.0,-0.8038225927845182,1.9125513321164984,0.9553829380330966,1.4553666155991625,0.6564551692975129,-0.8189158660987346,1.5507414037653042,31.811521376253864,29.78949146243034,1.102083165069826,1.0632859130012906,False,True,True,False,False,False,True,True,False,676,677,678,679,680,0.0,-0.8038225927845182,2.1433077368536866,-0.8189158660987346,1.5507414037653042,31.811521376253864,29.78949146243034,1.0632859130012906,,,False,,,False,0.6643777509157943,-0.6300640534694713,-0.7979731832493271,-0.8038225927845182,-0.8038225927845182
2019-05-19 00:00:00+00:00,2019-05-22 20:00:00+00:00,Long1,-35.842347679162344,-0.0357519877973786,753,mature_trend,True,True,True,True,True,7903.22,7477.698597357149,7458.0,0.0,1.4306324269203734,2.093665805887317,0.9715899309168708,31.50174969045201,7.093633869165391,True,True,excluded_reclaim_damage,False,True,True,excluded_reclaim_damage,False,True,True,excluded_reclaim_damage,False,True,True,0,False,False,False,outside_orderly_reset,False,False,750,751,752,753,0.0,-0.7930160390838983,0.5480509099280868,0.426354936406399,0.4956811615679545,0.8601394796964634,-8.405103217777976,7.093633869165391,32.689231917509055,31.50174969045201,0.8720077064776619,0.9715899309168708,False,True,False,False,False,False,True,False,False,749,750,751,752,753,0.0,-1.0984636292256604,0.7947931728544252,-8.405103217777976,7.093633869165391,32.689231917509055,31.50174969045201,0.9715899309168708,,,False,,,False,-1.0984636292256604,-0.750393255015897,-0.7930160390838983,-0.7589292567826195,-1.0984636292256604
2019-06-18 20:00:00+00:00,2019-06-27 16:00:00+00:00,Long1,213.02481327916627,0.2125637385688568,938,unstable_transition,True,True,True,True,True,9081.55,9020.56833854445,9444.0,1.708940964225153,0.2875267190726944,1.8650593591501,1.0879211106222195,44.28135662345756,6.418819684509103,False,False,excluded_depth_or_extension,False,False,False,momentum_persistence_candidate,True,False,False,momentum_persistence_candidate,True,False,False,2,True,True,True,other_orderly_reset,True,True,935,936,937,938,0.2782354878109882,-0.2999723259411654,1.414491072610139,0.8142606276478961,0.9959169911811409,0.8175988911306722,6.189869200119391,6.418819684509103,46.12896997016565,44.28135662345756,1.1161630643713971,1.0879211106222195,True,True,True,True,True,True,True,True,True,934,935,936,937,938,0.2782354878109882,-0.2999723259411654,1.498087495001396,6.189869200119391,6.418819684509103,46.12896997016565,44.28135662345756,1.0879211106222195,6.777803051607085,6.189869200119391,True,-0.2401317059815944,-0.2999723259411654,False,-0.027996710186628276,0.2963915076100729,-0.24013170598159445,-0.2999723259411654,-0.2999723259411654
2019-06-28 08:00:00+00:00,2019-06-29 00:00:00+00:00,Long1,-47.37120162154921,-0.0471684576129928,995,unstable_transition,True,True,True,True,True,12178.85,11837.694255121214,13970.0,2.496342149642533,0.4754718842830633,1.4165407031148445,1.467140045888056,37.30953536064776,0.3109044893653703,True,True,excluded_reclaim_damage,False,True,False,excluded_reclaim_damage,False,True,False,excluded_reclaim_damage,False,True,False,0,False,False,False,outside_orderly_reset,False,False,992,993,994,995,0.0,-1.90343480912288,1.737788068864294,0.9525916692361672,1.2090907030087874,0.7878579058342523,-5.500352368727302,0.3109044893653703,40.12440984244369,37.30953536064776,1.524646274286813,1.467140045888056,False,True,True,False,False,False,True,True,False,991,992,993,994,995,0.0,-1.90343480912288,1.9839867907660624,-5.500352368727302,0.3109044893653703,40.12440984244369,37.30953536064776,1.467140045888056,,,False,,,False,-1.8333008268462643,-1.9034348091228797,-1.0634506050050616,-1.14866340839816,-1.9034348091228797
2019-08-07 00:00:00+00:00,2019-08-10 08:00:00+00:00,Long1,-22.138334190949767,-0.0220539816828072,1233,weakening_trend,True,True,True,True,True,11640.43,11424.78264420099,12330.7,2.2874093643814666,0.7146099078023928,2.501799474253404,1.2784041953278775,45.78224063426642,9.200552075992146,False,False,excluded_weakening_state,False,False,False,excluded_weakening_state,False,False,False,excluded_weakening_state,False,False,False,0,False,False,False,outside_orderly_reset,False,False,1230,1231,1232,1233,0.2644354234901624,-0.5825795754951841,2.0190918419134904,1.7283105375586318,0.7508333236727781,2.301856461437305,9.932112434281638,9.200552075992146,47.596854503363176,45.78224063426642,1.305452892578952,1.2784041953278775,False,False,False,False,False,False,False,False,False,1229,1230,1231,1232,1233,0.2644354234901624,-0.5825795754951841,3.5401211467523104,9.932112434281638,9.200552075992146,47.596854503363176,45.78224063426642,1.2784041953278775,,,False,,,False,0.9327949041067596,0.7215443490981415,0.8463193155912585,-0.5825795754951841,-0.5825795754951841
2020-01-31 12:00:00+00:00,2020-02-02 00:00:00+00:00,Long1,-8.775631182375356,-0.0087441212781837,2297,weakening_trend,True,True,True,True,True,9339.19,9269.6284898733,9578.0,1.6014248266900988,0.466469282270233,2.220925575770377,0.9826988475624016,33.79610881668937,3.951051467267213,False,False,excluded_weakening_state,False,False,False,excluded_weakening_state,False,False,False,excluded_weakening_state,False,False,False,0,False,False,False,outside_orderly_reset,False,False,2294,2295,2296,2297,0.440258717585175,0.0539054653234423,1.7423148045334025,0.9626529750372516,0.887506330513316,1.0846716715592015,7.319835987924318,3.951051467267213,35.66541818011875,33.79610881668937,0.9954316202250452,0.9826988475624016,True,True,False,False,False,True,True,False,False,2293,2294,2295,2296,2297,0.440258717585175,0.0539054653234423,2.062720475230836,7.319835987924318,3.951051467267213,35.66541818011875,33.79610881668937,0.9826988475624016,,,False,,,False,1.599525597763764,0.967209838566164,0.4293566995099327,0.053905465323442356,0.053905465323442356
2020-02-03 00:00:00+00:00,2020-02-03 12:00:00+00:00,Long1,-13.35632431659338,-0.0133095303545114,2312,other,True,True,True,True,True,9385.59,9355.421291224216,9477.03,0.6409237915237451,0.2114593527334957,1.4790936843880174,1.0248531274726629,18.625429016207384,3.1394674606623063,True,True,excluded_reclaim_damage,False,True,False,excluded_reclaim_damage,False,True,False,excluded_reclaim_damage,False,True,False,0,False,False,False,outside_orderly_reset,False,False,2309,2310,2311,2312,0.0,-0.2359286735613423,1.086640588363146,1.0364417903596932,0.6787013737065716,1.5270954657118263,-6.073125776872121,3.1394674606623063,19.49747839658092,18.625429016207384,0.9163786104892854,1.0248531274726629,True,True,True,False,False,True,True,True,True,2308,2309,2310,2311,2312,0.0,-0.2359286735613423,1.086640588363146,-6.073125776872121,3.1394674606623063,19.49747839658092,18.625429016207384,1.0248531274726629,,,False,,,False,0.08213918206927766,0.13764883422052018,0.32096393576604665,-0.23592867356134237,-0.23592867356134237
2020-02-05 08:00:00+00:00,2020-02-10 04:00:00+00:00,Long1,57.61497926126308,0.0574207584450995,2326,mature_trend,True,True,True,True,True,9418.48,9292.798201585189,9350.0,0.0,1.039312806031936,1.6658293363415653,0.9377586099058032,16.266295348604846,3.149874996103243,True,True,excluded_reclaim_damage,False,True,True,excluded_reclaim_damage,False,True,True,excluded_reclaim_damage,False,True,True,0,False,False,False,outside_orderly_reset,False,False,2323,2324,2325,2326,0.0,-1.0935069667932658,1.23214029439371,0.7195863663104413,0.574001062481771,1.2536324640223009,-4.549432250285829,3.149874996103243,16.919913349574927,16.266295348604846,0.8951644512301191,0.9377586099058032,False,True,False,False,False,False,True,False,False,2322,2323,2324,2325,2326,0.0,-1.0935069667932658,1.23214029439371,-4.549432250285829,3.149874996103243,16.919913349574927,16.266295348604846,0.9377586099058032,,,False,,,False,-0.9495788832027706,-1.0935069667932658,-0.8704759836253221,-0.5429833504372173,-1.0935069667932658
2020-02-11 12:00:00+00:00,2020-02-15 12:00:00+00:00,Long1,-18.95167726665376,-0.018876957576938,2363,mature_trend,True,True,True,True,True,10164.99,9889.512641016025,10188.0,0.1572622770433083,1.882755182429234,2.984469569088639,1.169724957459711,25.082143436471306,14.781412748268394,True,True,excluded_reclaim_damage,False,True,False,excluded_reclaim_damage,False,True,False,excluded_reclaim_damage,False,True,False,0,False,False,False,outside_orderly_reset,False,False,2360,2361,2362,2363,0.0,-1.3442016452634689,1.108422255144874,0.6657897983034451,0.8832300307306409,0.7538124555759035,-4.640661815485338,14.781412748268394,24.630344634342784,25.082143436471306,1.0200710759790872,1.169724957459711,False,True,True,False,False,False,True,True,False,2359,2360,2361,2362,2363,0.0,-1.3442016452634689,1.3297239731223685,-4.640661815485338,14.781412748268394,24.630344634342784,25.082143436471306,1.169724957459711,,,False,,,False,-0.6263320560941452,-1.3442016452634689,-1.171297949203546,-1.0260732228158038,-1.3442016452634689
2020-05-03 16:00:00+00:00,2020-05-04 04:00:00+00:00,Long1,-26.32533715328247,-0.026226494363381,2855,weakening_trend,True,True,True,True,True,8872.34,8807.361753400472,9200.0,1.5267594870419312,0.3027716365964121,2.222294772527319,0.9152866658208444,39.961784324341366,8.207411853307878,False,False,excluded_weakening_state,False,False,False,excluded_weakening_state,False,False,False,excluded_weakening_state,False,False,False,0,False,False,False,outside_orderly_reset,False,False,2852,2853,2854,2855,0.0563292858693208,-0.3996115372040857,2.041969755253571,1.7244494496439733,0.9790603142720355,1.7613311708238932,8.563096046483285,8.207411853307878,41.4996450547746,39.961784324341366,0.9373304352652936,0.9152866658208444,False,False,False,False,False,False,True,False,False,2851,2852,2853,2854,2855,0.0563292858693208,-0.3996115372040857,2.2738772803407885,8.563096046483285,8.207411853307878,41.4996450547746,39.961784324341366,0.9152866658208444,,,False,,,False,0.8893621361410132,0.6515725338991073,0.798428378828861,-0.3996115372040857,-0.3996115372040857
2020-05-04 12:00:00+00:00,2020-05-10 00:00:00+00:00,Long1,-26.534307907778903,-0.0264416127938515,2860,other,True,True,True,True,True,8848.0,8787.348944057248,9200.0,1.6657105576596536,0.2870088187984305,1.830931224798594,0.9461881287998298,30.168222891393988,4.347118057772899,True,True,excluded_reclaim_damage,False,True,False,excluded_reclaim_damage,False,True,False,excluded_reclaim_damage,False,True,False,0,False,False,False,outside_orderly_reset,False,False,2857,2858,2859,2860,0.0,-1.240512706409426,1.959575971383134,0.5803315211514489,1.2060229342243955,0.4811944322805648,-0.5315316272212343,4.347118057772899,31.699554473270247,30.168222891393988,0.93691129221831,0.9461881287998298,False,True,False,False,False,False,True,False,False,2856,2857,2858,2859,2860,0.0,-1.240512706409426,2.049013271212017,-0.5315316272212343,4.347118057772899,31.699554473270247,30.168222891393988,0.9461881287998298,,,False,,,False,-0.1214219368530052,-0.8126253424097116,-1.240512706409426,-0.8842057900379456,-1.240512706409426
2020-05-18 12:00:00+00:00,2020-05-19 00:00:00+00:00,Long1,-15.618755749161608,-0.0155683075930414,2944,weakening_trend,True,True,True,True,True,9670.96,9576.837683289135,9950.0,1.214596207806227,0.4096925492651562,1.221800731950459,0.9244623893595444,16.84092527861492,2.423909816633227,False,False,excluded_weakening_state,False,False,False,excluded_weakening_state,False,False,False,excluded_weakening_state,False,False,False,0,False,False,False,outside_orderly_reset,False,False,2941,2942,2943,2944,0.2900033258459229,-0.4382488709981924,2.1144438068593376,1.419635186019575,0.9825820829724932,1.4448006030446994,2.5590910940948,2.423909816633227,17.69594725223681,16.84092527861492,0.9324168994544122,0.9244623893595444,False,False,False,False,False,False,True,False,False,2940,2941,2942,2943,2944,0.2900033258459229,-0.4382488709981924,2.1144438068593376,2.5590910940948,2.423909816633227,17.69594725223681,16.84092527861492,0.9244623893595444,,,False,,,False,0.41070414916412734,0.6256566875478281,0.7506197112584031,-0.4382488709981924,-0.4382488709981924
2020-05-30 20:00:00+00:00,2020-06-02 12:00:00+00:00,Long1,-24.66856755980353,-0.0245927150917947,3018,mature_trend,True,True,True,True,True,9697.72,9411.687954948831,9600.0,0.0,1.9192440854251884,2.735984943662697,0.9948911438362548,27.698654742144623,17.944280310448065,False,False,excluded_breakout_like,False,False,True,excluded_breakout_like,False,False,True,excluded_breakout_like,False,False,True,0,False,False,False,outside_orderly_reset,False,False,3015,3016,3017,3018,1.1430410019834614,0.7711280988326945,0.825786388902766,0.3196272651731528,0.6853409703456272,0.4663769991920375,10.843710574053892,17.944280310448065,26.46601949283077,27.698654742144623,0.8948514742542628,0.9948911438362548,True,True,False,False,False,True,True,False,False,3014,3015,3016,3017,3018,1.1430410019834614,0.4482384035190586,1.398140162961489,10.843710574053892,17.944280310448065,26.46601949283077,27.698654742144623,0.9948911438362548,,,False,,,False,0.44823840351905864,0.7711280988326945,0.9166041345395713,0.9710943362755062,0.44823840351905864
2020-06-04 12:00:00+00:00,2020-06-05 08:00:00+00:00,Long1,-14.54388663413781,-0.0145027305865367,3046,mature_trend,True,True,True,True,True,9829.39,9645.02835403614,9690.0,0.0,1.0787574138709048,1.716319515424268,0.9744663672586495,17.655943354064853,0.5759740065632464,True,True,excluded_reclaim_damage,False,True,True,excluded_reclaim_damage,False,True,True,excluded_reclaim_damage,False,True,True,0,False,False,False,outside_orderly_reset,False,False,3043,3044,3045,3046,0.0,-1.0585339996177567,1.3922025383339185,1.225178915608515,0.4417447197906454,2.7734998534655046,-8.055276134844991,0.5759740065632464,18.93167623118762,17.655943354064853,0.9547458468945268,0.9744663672586495,False,True,False,False,False,False,True,False,False,3042,3043,3044,3045,3046,0.0,-1.0585339996177567,1.404314753079225,-8.055276134844991,0.5759740065632464,18.93167623118762,17.655943354064853,0.9744663672586495,,,False,,,False,-0.34321315083492754,-0.13746831207193483,-0.05351369034456434,-1.0585339996177567,-1.0585339996177567
2020-08-10 00:00:00+00:00,2020-08-10 08:00:00+00:00,Long1,-24.065921995144347,-0.0240013002314851,3445,mature_trend,True,True,True,True,True,12009.4,11685.993404498488,11808.27,0.0,1.8143074591554875,2.87776156397758,0.9398293068170296,17.26648825883095,8.095213471295438,False,True,excluded_breakout_like,False,False,True,excluded_reclaim_damage,False,True,True,excluded_reclaim_damage,False,True,True,0,False,False,False,outside_orderly_reset,False,False,3442,3443,3444,3445,0.0,-0.7493583061811113,0.9706964051579072,0.4407931456045587,0.8957868846638048,0.4920736763968045,-8.072977407191955,8.095213471295438,17.245839835125977,17.26648825883095,0.8512926066776748,0.9398293068170296,False,True,False,False,False,False,True,False,False,3441,3442,3443,3444,3445,0.0,-0.7493583061811113,1.1009042509864575,-8.072977407191955,8.095213471295438,17.245839835125977,17.26648825883095,0.9398293068170296,,,False,,,False,-0.3179977292607106,-0.6735889098103307,-0.7493583061811113,-0.1755446377661551,-0.7493583061811113
2020-08-15 20:00:00+00:00,2020-08-16 08:00:00+00:00,Long1,-9.60395747490415,-0.0095804668252842,3480,other,True,True,True,True,True,11852.4,11751.19275444855,11980.0,0.7429522148483025,0.5892801507926763,1.147438028497798,0.9249437163176552,18.59831770176521,2.3797523063665764,False,False,excluded_energy_quality,False,False,False,excluded_energy_quality,False,False,False,excluded_energy_quality,False,False,False,0,True,True,False,loose_missing_bad,False,True,3477,3478,3479,3480,0.5778782801362033,-0.2912241753756032,1.482119798508106,0.544064876528751,0.9741802455149456,0.5584848173975872,-0.8451137967387652,2.3797523063665764,19.542206028329755,18.59831770176521,0.8910189590228479,0.9249437163176552,True,True,False,True,True,True,True,False,False,3476,3477,3478,3479,3480,0.5778782801362033,-0.2912241753756032,1.482119798508106,-0.8451137967387652,2.3797523063665764,19.542206028329755,18.59831770176521,0.9249437163176552,-1.1216515684217825,-0.8451137967387652,False,-0.2912241753756032,0.418644158222099,False,0.6142997519016493,0.5790652358354151,-0.2912241753756032,0.418644158222099,-0.2912241753756032
2020-08-31 08:00:00+00:00,2020-09-01 00:00:00+00:00,Long1,-0.0665945743658986,-6.643805358988019e-05,3573,unstable_transition,True,True,True,True,True,11680.58,11575.122317930964,11726.89,0.4051826302178696,0.922686698281418,1.0132305546327662,0.904608725297862,18.214560947672343,1.905237197592271,False,False,excluded_depth_or_extension,False,False,False,excluded_depth_or_extension,False,False,False,excluded_energy_quality,False,False,False,0,False,False,False,outside_orderly_reset,False,False,3570,3571,3572,3573,0.4863787742422498,0.2674444067787233,1.2103857712014847,0.9965564762176672,0.8228844602092918,1.2110527351120517,3.7357284986791015,1.905237197592271,19.18352706610908,18.214560947672343,0.875835227474877,0.904608725297862,True,True,False,False,False,True,True,False,False,3569,3570,3571,3572,3573,0.4863787742422498,0.2674444067787233,1.2851927564824723,3.7357284986791015,1.905237197592271,19.18352706610908,18.214560947672343,0.904608725297862,,,False,,,False,0.4496747015723437,0.36923773111884683,0.9753649817226092,0.26744440677872333,0.26744440677872333
2020-10-12 12:00:00+00:00,2020-10-16 04:00:00+00:00,Long1,-22.12569485733232,-0.0220737065539447,3826,mature_trend,True,True,True,True,True,11549.38,11265.406840180623,11445.0,0.0,2.0336879397612804,3.644103343503272,1.1617299815932498,34.81060406657388,9.737604642388568,False,False,excluded_breakout_like,False,False,True,excluded_breakout_like,False,False,True,excluded_breakout_like,False,False,True,0,False,False,False,outside_orderly_reset,False,False,3823,3824,3825,3826,0.0722266763499655,-0.5157319145913405,1.7323789084192418,1.8012270988607946,0.6355198640915628,2.8342577480808404,-0.3629645827691234,9.737604642388568,35.80683837593115,34.81060406657388,1.0432241947139929,1.1617299815932498,False,True,True,False,False,False,True,True,False,3822,3823,3824,3825,3826,0.0722266763499655,-0.5157319145913405,1.7323789084192418,-0.3629645827691234,9.737604642388568,35.80683837593115,34.81060406657388,1.1617299815932498,,,False,,,False,0.15636793545877922,1.0693748954577178,0.8291591290127369,-0.5157319145913405,-0.5157319145913405
2020-10-25 16:00:00+00:00,2020-10-28 12:00:00+00:00,Long1,12.75267976543458,0.0127255216927257,3905,mature_trend,True,True,True,True,True,13042.16,12916.184529858388,13350.0,1.6629692448670088,0.6805266776675052,3.0543219696012875,0.9269347174942946,60.68796047434882,16.86926699047501,False,False,excluded_depth_or_extension,False,False,False,excluded_depth_or_extension,False,False,False,excluded_depth_or_extension,False,False,False,0,True,True,True,loose_accepted_missing_good_support_bad,False,True,3902,3903,3904,3905,0.2001960903196545,-0.0266830932375599,2.4590163729972168,0.4456443412189627,1.4646365537001722,0.3042695746553047,16.568210171987843,16.86926699047501,61.82637496520138,60.68796047434882,0.9365171976178528,0.9269347174942946,True,False,False,True,True,True,True,False,False,3901,3902,3903,3904,3905,0.2001960903196545,-0.0266830932375599,2.495750360994536,16.568210171987843,16.86926699047501,61.82637496520138,60.68796047434882,0.9269347174942946,17.112944963751218,16.568210171987843,True,-0.0195649508172543,0.1539270057122225,False,1.0312367626965233,-0.02668309323755995,-0.0195649508172543,0.1539270057122225,-0.02668309323755995
2020-10-29 12:00:00+00:00,2020-11-02 08:00:00+00:00,Long1,-3.594457725767477,-0.0035863469760623,3928,mature_trend,True,True,True,True,True,13436.95,13262.14151789483,13859.48,1.6538823151519293,0.6842417274330701,1.8438918341029007,1.1890745310788091,32.33318401010861,4.150370915140023,True,True,excluded_reclaim_damage,False,True,False,excluded_reclaim_damage,False,True,False,excluded_reclaim_damage,False,True,False,0,False,False,False,outside_orderly_reset,False,False,3925,3926,3927,3928,0.0,-0.8731358518487718,1.1163793697595,0.7223952699654524,0.729322154826564,0.9905022974891544,-4.122958835076798,4.150370915140023,34.04065557656881,32.33318401010861,1.100869878472206,1.1890745310788091,False,True,True,False,False,False,True,True,False,3924,3925,3926,3927,3928,0.0,-0.8731358518487718,1.1163793697595,-4.122958835076798,4.150370915140023,34.04065557656881,32.33318401010861,1.1890745310788091,,,False,,,False,-0.7155796304650285,-0.45988663244864203,-0.6036711489906608,-0.8731358518487718,-0.8731358518487718
2020-11-03 12:00:00+00:00,2020-11-07 16:00:00+00:00,Long1,67.17598759349858,0.0670268110730701,3958,other,True,True,True,True,True,13710.38,13582.14606273803,13864.0,0.6605959263042029,0.5514309111392112,1.2723672043169718,0.971767500925295,22.85193023111081,2.614857980965472,True,True,excluded_reclaim_damage,False,True,False,excluded_reclaim_damage,False,True,False,excluded_reclaim_damage,False,True,False,0,False,False,False,outside_orderly_reset,False,False,3955,3956,3957,3958,0.0,-1.2650658949309102,1.5352125481699157,0.8857785741779524,1.0881777748478911,0.8140017142895326,-3.717355571502793,2.614857980965472,24.167288962102504,22.85193023111081,0.9375371937840504,0.971767500925295,False,True,False,False,False,False,True,False,False,3954,3955,3956,3957,3958,0.0,-1.2650658949309102,1.7846238469958728,-3.717355571502793,2.614857980965472,24.167288962102504,22.85193023111081,0.971767500925295,,,False,,,False,-0.32253835040653217,-1.1909148429590122,-1.2650658949309102,-0.7288541820346206,-1.2650658949309102
2020-11-09 08:00:00+00:00,2020-11-10 12:00:00+00:00,Long1,-41.27661517860602,-0.0411573780928074,3993,mature_trend,True,True,True,True,True,15802.39,15213.641015213318,15650.0,0.0,1.5670282169584917,2.96248307806142,1.0133673264552754,26.593159775400856,10.95607295642629,False,False,excluded_breakout_like,False,False,True,excluded_breakout_like,False,False,True,excluded_breakout_like,False,False,True,0,False,False,False,outside_orderly_reset,False,False,3990,3991,3992,3993,0.4321767758173142,0.372564244336829,0.9182601564002038,0.5958972419919235,0.6875485339982863,0.8666984402200889,4.9924625595166745,10.95607295642629,26.615470619121883,26.593159775400856,0.9465784105558904,1.0133673264552754,True,True,True,False,False,True,True,True,True,3989,3990,3991,3992,3993,0.4321767758173142,0.372564244336829,1.0937143868636865,4.9924625595166745,10.95607295642629,26.615470619121883,26.593159775400856,1.0133673264552754,,,False,,,False,0.45829468094734754,0.3911231271231965,0.6595807360585811,0.37256424433682905,0.37256424433682905
2020-11-16 04:00:00+00:00,2020-11-22 08:00:00+00:00,Long1,100.9571160514278,0.100706913033061,4034,mature_trend,True,True,True,True,True,16235.71,15993.59032808419,16180.0,0.0,0.9060698956645014,2.0558044004918767,0.9026778798330832,16.016782757322186,3.4503630203024898,False,True,excluded_breakout_like,False,False,True,excluded_reclaim_damage,False,True,True,excluded_reclaim_damage,False,True,True,0,False,False,False,outside_orderly_reset,False,False,4031,4032,4033,4034,0.0,-0.7014162189933285,1.0847630784317157,0.6994677851505714,0.8293809741269761,0.8433612621592218,-3.3341253844405934,3.4503630203024898,16.497179760371964,16.016782757322186,0.8809002703521922,0.9026778798330832,False,True,False,False,False,False,True,False,False,4030,4031,4032,4033,4034,0.0,-0.7014162189933285,1.2547730368722338,-3.3341253844405934,3.4503630203024898,16.497179760371964,16.016782757322186,0.9026778798330832,,,False,,,False,-0.1924903311405244,-0.4211366192392948,-0.7014162189933285,-0.3945674725620038,-0.7014162189933285
2020-11-24 08:00:00+00:00,2020-11-25 04:00:00+00:00,Long1,-5.730946598924628,-0.0057109948654575,4083,mature_trend,True,True,True,True,True,19064.99,18424.13366532412,18766.0,0.0,1.5581697397576153,2.816758142973628,1.0302925183726803,21.065583425771568,3.1140834441861323,False,True,excluded_breakout_like,False,False,True,excluded_reclaim_damage,False,True,True,excluded_reclaim_damage,False,True,True,0,False,False,False,outside_orderly_reset,False,False,4080,4081,4082,4083,0.0,-0.8757595454877294,1.2448701270299278,1.11708277174472,0.7075526399927861,1.5787981114113423,-9.362532665309596,3.1140834441861323,22.16951554293796,21.065583425771568,0.9698614884645924,1.0302925183726803,False,True,True,False,False,False,True,True,False,4079,4080,4081,4082,4083,0.0,-0.8757595454877294,1.2448701270299278,-9.362532665309596,3.1140834441861323,22.16951554293796,21.065583425771568,1.0302925183726803,,,False,,,False,-0.553755774455481,-0.245162824173216,-0.38451201796518536,-0.8757595454877294,-0.8757595454877294
2020-12-24 20:00:00+00:00,2021-01-04 08:00:00+00:00,Long1,295.44322385821266,0.2944314966370548,4266,mature_trend,True,True,True,True,True,23729.2,23278.30408429108,24100.0,0.6326836299907636,0.7693486102986218,1.8143178929902388,0.926486729777965,17.802456970969363,0.7382181478144965,False,False,excluded_energy_quality,False,False,False,excluded_energy_quality,False,False,False,excluded_energy_quality,False,False,False,0,False,False,False,outside_orderly_reset,False,False,4263,4264,4265,4266,0.0,-0.3496253972324245,0.7967752823537914,0.5983177367769109,0.6845881589465828,0.873982012335093,-3.558351218360272,0.7382181478144965,19.03209055752169,17.802456970969363,0.9249898169126356,0.926486729777965,True,True,False,False,False,False,True,False,False,4262,4263,4264,4265,4266,0.0,-0.6865996017454752,1.181743137258101,-3.558351218360272,0.7382181478144965,19.03209055752169,17.802456970969363,0.926486729777965,,,False,,,False,-0.6865996017454752,-0.27957484343951305,-0.34962539723242453,-0.20821673594642823,-0.6865996017454752
2021-01-05 16:00:00+00:00,2021-01-10 16:00:00+00:00,Long1,111.20125041536568,0.1104952924156655,4337,mature_trend,True,True,True,True,True,33697.75,31792.821529894085,33600.0,0.0,1.264759834467308,2.362542441145873,1.214891595976196,24.656348510234416,3.2756080982481066,False,False,excluded_breakout_like,False,False,True,excluded_breakout_like,False,False,True,excluded_breakout_like,False,False,True,0,False,False,False,outside_orderly_reset,False,False,4334,4335,4336,4337,0.0,-1.0882052580218613,1.6433000884914848,0.8799944836195217,0.8989472625092287,0.9789166954724304,-6.008449501483636,3.2756080982481066,26.0062099623366,24.656348510234416,1.198434870047523,1.214891595976196,False,True,True,False,False,False,True,True,False,4333,4334,4335,4336,4337,0.0,-1.0882052580218613,1.9608696381714368,-6.008449501483636,3.2756080982481066,26.0062099623366,24.656348510234416,1.214891595976196,,,False,,,False,-0.3101435329689713,-1.0882052580218613,-0.4977044255026344,-0.33472707263795937,-1.0882052580218613
2021-02-07 04:00:00+00:00,2021-02-07 16:00:00+00:00,Long1,-26.29207210459992,-0.0260963361516781,4532,mature_trend,True,True,True,True,True,39030.0,38373.61013156686,40955.51,1.7804751872594835,0.6069487428856394,2.1942434316517185,1.023733408040869,29.94778963331732,4.839220189866939,False,False,excluded_depth_or_extension,False,False,False,excluded_energy_quality,False,False,False,momentum_persistence_candidate,True,False,False,1,False,False,False,outside_orderly_reset,False,False,4529,4530,4531,4532,0.4996947971756247,0.0367444945030941,2.4148037435692427,1.179143150199422,1.168813011523087,1.008838144831117,8.25881127627471,4.839220189866939,31.38324887529401,29.94778963331732,1.0190211422152509,1.023733408040869,True,False,False,False,False,True,True,False,False,4528,4529,4530,4531,4532,0.4996947971756247,0.0367444945030941,2.4148037435692427,8.25881127627471,4.839220189866939,31.38324887529401,29.94778963331732,1.023733408040869,,,False,,,False,1.8419984566564627,1.7374930341148975,0.7429532132954756,0.03674449450309419,0.03674449450309419
2021-02-07 20:00:00+00:00,2021-02-15 00:00:00+00:00,Long1,215.0133839780532,0.2134683518968214,4536,other,True,True,True,True,True,38795.69,38398.11624146278,40955.51,1.901638638883864,0.3500484397036138,1.6494985157032676,1.067553436541894,24.02050244950852,2.7273967271850807,True,True,excluded_reclaim_damage,False,True,False,excluded_reclaim_damage,False,True,False,excluded_reclaim_damage,False,True,False,0,False,False,False,outside_orderly_reset,False,False,4533,4534,4535,4536,0.0,-0.902410978566612,2.0682043701503816,0.9811680037307776,1.1964029453977347,0.8200982850343921,-1.3970956325539667,2.7273967271850807,25.40355087349168,24.02050244950852,1.0472478239415035,1.067553436541894,False,False,True,False,False,False,True,True,False,4532,4533,4534,4535,4536,0.0,-0.902410978566612,2.0682043701503816,-1.3970956325539667,2.7273967271850807,25.40355087349168,24.02050244950852,1.067553436541894,,,False,,,False,-0.4166689128503714,0.30288983236391576,-0.7247316392947806,-0.9024109785666119,-0.9024109785666119
2021-02-15 12:00:00+00:00,2021-02-22 08:00:00+00:00,Long1,137.59656382356792,0.1363170130560133,4582,unstable_transition,True,True,True,True,True,47938.83,47504.12663196856,49707.43,1.3484466228977314,0.3314340656927895,1.910994383579457,0.9513132855034822,21.32892554156598,0.4169256609935345,False,True,excluded_energy_quality,False,False,False,excluded_reclaim_damage,False,True,False,excluded_reclaim_damage,False,True,False,0,False,False,False,outside_orderly_reset,False,False,4579,4580,4581,4582,0.0,-1.3375400129598367,2.622883456309608,0.6561227818726427,1.68829045067634,0.3886314594800887,-0.8178632091513336,0.4169256609935345,22.890596654796177,21.32892554156598,0.9708608324973698,0.9513132855034822,False,False,False,False,False,False,False,False,False,4578,4579,4580,4581,4582,0.0,-1.3375400129598367,2.8432888333011714,-0.8178632091513336,0.4169256609935345,22.890596654796177,21.32892554156598,0.9513132855034822,,,False,,,False,0.8343392230158314,-1.3375400129598367,-0.89928272638492,-0.2560407617176644,-1.3375400129598367
2021-03-04 04:00:00+00:00,2021-03-05 00:00:00+00:00,Long1,-49.935030145905,-0.0494033512225913,4682,weakening_trend,True,True,True,True,True,49696.49,49069.56223148292,52640.0,1.84400095086352,0.3927472307782985,0.5442419872111103,0.9189677783693908,21.765754999863763,5.494167633881698,False,False,excluded_weakening_state,False,False,False,excluded_weakening_state,False,False,False,excluded_weakening_state,False,False,False,0,False,False,False,outside_orderly_reset,False,False,4679,4680,4681,4682,0.345645885324572,0.2406247905201147,1.486334266233088,1.4353992114244116,0.7390292268278777,1.942276650661775,7.534603558654503,5.494167633881698,22.40748113703452,21.765754999863763,0.9413257950482776,0.9189677783693908,True,True,False,False,False,True,True,False,False,4678,4679,4680,4681,4682,0.345645885324572,0.2406247905201147,2.028926648647931,7.534603558654503,5.494167633881698,22.40748113703452,21.765754999863763,0.9189677783693908,,,False,,,False,1.14456991512093,0.8934329232497438,0.8500967845752039,0.24062479052011476,0.24062479052011476
2021-03-08 08:00:00+00:00,2021-03-15 08:00:00+00:00,Long1,112.04916008088166,0.1109108691398786,4707,unstable_transition,True,True,True,True,True,50496.82,49600.91436602029,51847.38,0.9818670841489996,0.6513300057074992,0.9977648298626786,0.92878352145028,16.36020144280686,3.062106417753366,False,False,excluded_depth_or_extension,False,False,False,excluded_depth_or_extension,False,False,False,excluded_energy_quality,False,False,False,0,False,False,False,outside_orderly_reset,False,False,4704,4705,4706,4707,0.179849991151868,0.0105548954367624,1.6911500220691595,1.0291961296507086,1.2059093302666417,0.8534606241276369,4.652875435329037,3.062106417753366,16.948392359844078,16.36020144280686,0.923184577338505,0.92878352145028,True,True,False,False,False,True,True,False,False,4703,4704,4705,4706,4707,0.179849991151868,0.0105548954367624,1.6911500220691595,4.652875435329037,3.062106417753366,16.948392359844078,16.36020144280686,0.92878352145028,,,False,,,False,0.7909003773496548,0.2903346039270309,0.5470346955005017,0.010554895436762461,0.010554895436762461
2021-03-19 08:00:00+00:00,2021-03-21 04:00:00+00:00,Long1,-32.9478863249161,-0.0325770640405375,4773,mature_trend,True,True,True,True,True,58831.33,57599.8481193426,60129.97,0.8189803276982528,0.7766274211292289,1.3225514935570812,0.9518459288129374,20.923786819620634,7.733940624193309,False,False,excluded_energy_quality,False,False,False,momentum_persistence_candidate,True,False,False,momentum_persistence_candidate,True,False,False,2,False,False,False,outside_orderly_reset,False,False,4770,4771,4772,4773,0.1525316120755414,-0.7013573215857429,1.401361713778696,0.5552839171124381,0.8304701116101585,0.6686380513271271,6.351150820777463,7.733940624193309,21.04559702357947,20.923786819620634,0.9550174247478608,0.9518459288129374,False,True,False,False,False,False,True,False,False,4769,4770,4771,4772,4773,0.0,-0.7013573215857429,2.4338026320326898,6.351150820777463,7.733940624193309,21.04559702357947,20.923786819620634,0.9518459288129374,,,False,,,False,-0.0992912699242746,-0.22457853916935974,-0.7013573215857429,0.0835187491571177,-0.7013573215857429
2021-04-05 12:00:00+00:00,2021-04-05 20:00:00+00:00,Long1,0.9015436065732544,0.0008916873057487,4876,other,True,True,True,True,True,59018.29,58162.4927002822,58597.04,0.0,0.8584120575841896,1.1829672015470685,1.0009218194006788,21.34012944065777,0.3816689325193891,True,True,excluded_reclaim_damage,False,True,True,excluded_reclaim_damage,False,True,True,excluded_reclaim_damage,False,True,True,0,False,False,False,outside_orderly_reset,False,False,4873,4874,4875,4876,0.0,-1.3788146154832182,1.6144978257140703,1.0342512305221958,0.987639494228492,1.0471950914945083,-11.678555061639038,0.3816689325193891,22.912486013566056,21.34012944065777,0.9543475634885068,1.0009218194006788,False,True,True,False,False,False,True,True,False,4872,4873,4874,4875,4876,0.0,-1.3788146154832182,1.6144978257140703,-11.678555061639038,0.3816689325193891,22.912486013566056,21.34012944065777,1.0009218194006788,,,False,,,False,-0.4670567248247909,-0.9089091243034625,-1.3788146154832182,-1.3537785445794892,-1.3788146154832182
2021-04-10 20:00:00+00:00,2021-04-16 04:00:00+00:00,Long1,26.8138933303626,0.0265205135159236,4908,mature_trend,True,True,True,True,True,59769.13,58785.445653127485,61500.0,1.6415673612885988,0.9329320617009984,1.4529565994684963,1.0312110487567328,20.90486766732747,3.3315027651718694,False,False,excluded_depth_or_extension,False,False,False,excluded_depth_or_extension,False,False,False,momentum_persistence_candidate,True,False,False,1,False,False,False,outside_orderly_reset,False,False,4905,4906,4907,4908,0.8659240573185697,0.8489278982101504,1.3725140847721846,0.9779147933499328,0.8030299276415731,1.2177812553287783,12.541181779362285,3.3315027651718694,21.943806326844648,20.90486766732747,0.9991661121112556,1.0312110487567328,True,True,False,False,False,True,True,False,False,4904,4905,4906,4907,4908,0.8659240573185697,0.8489278982101504,2.1533556499365973,12.541181779362285,3.3315027651718694,21.943806326844648,20.90486766732747,1.0312110487567328,,,False,,,False,0.9881739558890034,1.873667361300686,1.1940087608208023,0.8489278982101504,0.8489278982101504
2021-08-05 16:00:00+00:00,2021-08-06 00:00:00+00:00,Long1,-12.755284290451712,-0.0126123765858059,5609,mature_trend,True,True,True,True,True,40692.24,39177.43790054639,39969.66,0.0,1.4145407887834642,1.6201168541899276,1.1413221318104247,18.713921721239764,2.943986749593467,True,True,excluded_reclaim_damage,False,True,True,excluded_reclaim_damage,False,True,True,excluded_reclaim_damage,False,True,True,0,False,False,False,outside_orderly_reset,False,False,5606,5607,5608,5609,0.0,-1.7697402185745403,2.0524259906879005,2.139395796360915,1.131400185870567,1.890927563101588,-12.428724648306384,2.943986749593467,19.68244717248178,18.713921721239764,1.0187047590465124,1.1413221318104247,False,False,True,False,False,False,True,True,False,5605,5606,5607,5608,5609,0.0,-1.7697402185745403,2.350321443296914,-12.428724648306384,2.943986749593467,19.68244717248178,18.713921721239764,1.1413221318104247,,,False,,,False,-0.021640905159021704,-0.5110457989126762,-1.4101885371108955,-1.7697402185745403,-1.7697402185745403
2021-08-10 16:00:00+00:00,2021-08-12 04:00:00+00:00,Long1,-6.612103577011158,-0.0065388481512441,5639,weakening_trend,True,True,True,True,True,45495.73,44619.14969228816,46700.0,1.0697924242540635,0.7786949541551518,2.446805507660526,0.9847854655777084,24.96877531444477,4.587981469569911,False,False,excluded_weakening_state,False,False,False,excluded_weakening_state,False,False,False,excluded_weakening_state,False,False,False,0,False,False,False,outside_orderly_reset,False,False,5636,5637,5638,5639,0.5617556608676071,0.2894036875037645,1.168530604193646,1.0921074077362694,0.7506308364364915,1.454919455375544,6.693655725023191,4.587981469569911,25.981092123074063,24.96877531444477,0.9974931721668382,0.9847854655777084,True,True,False,False,False,True,True,False,False,5635,5636,5637,5638,5639,0.5617556608676071,0.2894036875037645,1.6380855043507672,6.693655725023191,4.587981469569911,25.981092123074063,24.96877531444477,0.9847854655777084,,,False,,,False,1.2190364993578993,0.8183731354415561,0.6492825385140621,0.28940368750376455,0.28940368750376455
2021-08-13 04:00:00+00:00,2021-08-15 04:00:00+00:00,Long1,-8.915603114926437,-0.0088174027313756,5654,mature_trend,True,True,True,True,True,46103.51,45132.50889425691,46743.47,0.6489975786590236,0.9847136797651422,2.204327708069709,0.9465857084836584,19.425790074771697,6.579417362153393,True,True,excluded_reclaim_damage,False,True,False,excluded_reclaim_damage,False,True,False,excluded_reclaim_damage,False,True,False,0,False,False,False,outside_orderly_reset,False,False,5651,5652,5653,5654,0.0,-1.365793279575212,1.168268658377393,0.7437239408958187,0.7352242674169207,1.0115606541508213,-4.106009071362763,6.579417362153393,19.73266946930858,19.425790074771697,0.9010497405275492,0.9465857084836584,False,True,False,False,False,False,True,False,False,5650,5651,5652,5653,5654,0.0,-1.365793279575212,1.2152123703533395,-4.106009071362763,6.579417362153393,19.73266946930858,19.425790074771697,0.9465857084836584,,,False,,,False,-1.2692400524314478,-1.365793279575212,-1.2355908035487875,-0.8580339882024813,-1.365793279575212
2021-08-22 20:00:00+00:00,2021-08-24 12:00:00+00:00,Long1,-20.06635763378215,-0.0198470849050817,5712,mature_trend,True,True,True,True,True,49239.22,48248.97715895885,49757.04,0.5860010190897542,1.1206274651354695,2.4072889894006413,0.9379293983786696,34.94421590595258,12.826907009539864,False,False,excluded_depth_or_extension,False,False,False,excluded_depth_or_extension,False,False,False,excluded_depth_or_extension,False,False,False,0,False,False,False,outside_orderly_reset,False,False,5709,5710,5711,5712,0.499890402988877,-0.0480340502070666,1.6409205470629642,0.7806964029522573,1.0213201665109988,0.76439928295869,8.389353841050749,12.826907009539864,35.009781814067395,34.94421590595258,0.9011774138154156,0.9379293983786696,True,True,False,False,False,True,True,False,False,5708,5709,5710,5711,5712,0.499890402988877,-0.0480340502070666,1.6409205470629642,8.389353841050749,12.826907009539864,35.009781814067395,34.94421590595258,0.9379293983786696,,,False,,,False,0.9802857764299935,1.0077101147228618,-0.04803405020706665,0.02720189514727687,-0.04803405020706665
2021-08-25 20:00:00+00:00,2021-08-26 00:00:00+00:00,Long1,-22.910699313792787,-0.0226648418975882,5730,other,True,True,True,True,True,48973.32,48640.70493004199,49860.0,1.0263083375175048,0.3849930295956534,1.109630404062674,1.0020331062746566,20.77694939840788,0.3415979729097245,False,False,excluded_energy_quality,False,False,False,excluded_energy_quality,False,False,False,excluded_energy_quality,False,False,False,0,True,False,False,loose_missing_bad,False,False,5727,5728,5729,5730,0.0,-1.7200522675313408,2.3685374104096995,0.7560309011514253,1.4971927735795203,0.5049656360175253,-0.4408723841740034,0.3415979729097245,22.308514506967686,20.77694939840788,1.0196280062469316,1.0020331062746566,False,False,True,False,True,False,True,True,False,5726,5727,5728,5729,5730,0.0,-1.7200522675313408,2.3685374104096995,-0.4408723841740034,0.3415979729097245,22.308514506967686,20.77694939840788,1.0020331062746566,-2.806377836817098,-0.4408723841740034,False,-1.4240172296540847,-0.1114173263156603,False,-0.9626378179442451,-1.7200522675313408,-1.4240172296540847,-0.11141732631566036,-1.7200522675313408
2021-09-03 00:00:00+00:00,2021-09-05 04:00:00+00:00,Long1,6.753743982261261,0.0066827849520673,5779,mature_trend,True,True,True,True,True,49476.83,48698.15048457752,50450.13,1.113178807137371,0.8905882401318281,1.3292238692207263,1.0347863153649812,20.811974334636503,5.21842315444237,False,False,excluded_depth_or_extension,False,False,False,momentum_persistence_candidate,True,False,False,momentum_persistence_candidate,True,False,False,2,False,False,False,outside_orderly_reset,False,False,5776,5777,5778,5779,0.7412001631115454,0.7156648788802233,1.4458057386895795,0.7247811867296039,0.9972510787806994,0.7267790450683352,13.989030877476868,5.21842315444237,21.468067344999184,20.811974334636503,1.0129062594530212,1.0347863153649812,True,True,False,False,False,True,True,False,False,5775,5776,5777,5778,5779,0.7412001631115454,0.7156648788802233,1.4458057386895795,13.989030877476868,5.21842315444237,21.468067344999184,20.811974334636503,1.0347863153649812,,,False,,,False,1.5033768714086149,0.8714603756047485,0.7324234517955539,0.7156648788802233,0.7156648788802233
2021-10-04 12:00:00+00:00,2021-10-12 16:00:00+00:00,Long1,159.14250286948706,0.1574598973831314,5968,mature_trend,True,True,True,True,True,47758.23,47210.07874464349,49228.08,1.6092671417548243,0.6001440990283998,2.1990504543439497,0.939640366550282,39.359548624096426,15.972854942163082,False,False,excluded_depth_or_extension,False,False,False,excluded_energy_quality,False,False,False,momentum_persistence_candidate,True,False,False,1,True,False,False,loose_not_accepted_missing_good_support_good,False,False,5965,5966,5967,5968,0.4888573588624702,0.1449898941596855,1.145761855867215,0.7091189304172147,0.884978332278836,0.8012839462308868,13.46360794823499,15.972854942163082,39.14997905428455,39.359548624096426,0.8802022229393773,0.939640366550282,True,True,False,False,True,True,True,False,False,5964,5965,5966,5967,5968,0.4888573588624702,0.1449898941596855,1.7557801389379593,13.46360794823499,15.972854942163082,39.14997905428455,39.359548624096426,0.939640366550282,13.333167950647024,13.46360794823499,True,0.1449898941596855,0.233052327825499,True,0.6912645759001896,0.3410100946743338,0.14498989415968552,0.23305232782549906,0.14498989415968552
2021-10-15 00:00:00+00:00,2021-10-18 08:00:00+00:00,Long1,24.54649103757485,0.0242487995886369,6031,mature_trend,True,True,True,True,True,59431.71,57035.19559887602,58532.54,0.0,1.8723430242276533,3.2332971839718216,1.0665090551508256,21.07907854056832,9.712852321650074,False,False,excluded_breakout_like,False,False,True,excluded_breakout_like,False,False,True,excluded_breakout_like,False,False,True,0,False,False,False,outside_orderly_reset,False,False,6028,6029,6030,6031,0.4795835532779923,0.0776605914071546,0.9913865873782788,0.5595504285184119,0.9486094548335596,0.5898638535250411,1.0044756608014644,9.712852321650074,20.808011500491105,21.07907854056832,0.9878387067467436,1.0665090551508256,True,True,True,False,False,True,True,True,True,6027,6028,6029,6030,6031,0.4795835532779923,0.0776605914071546,1.04062270184998,1.0044756608014644,9.712852321650074,20.808011500491105,21.07907854056832,1.0665090551508256,,,False,,,False,0.5365071280437098,0.2808115172949591,0.07766059140715469,0.3607081588512378,0.07766059140715469
2021-10-19 12:00:00+00:00,2021-10-21 12:00:00+00:00,Long1,8.316945358176689,0.008214092043415,6058,mature_trend,True,True,True,True,True,62395.99,61377.793710640544,62998.0,0.4656276609129333,0.7875290386615987,2.346491289674656,1.0645188707473303,17.498391751881286,3.509206977778433,False,False,excluded_depth_or_extension,False,False,False,excluded_depth_or_extension,False,False,False,excluded_energy_quality,False,False,False,0,True,False,False,other_orderly_reset,False,False,6055,6056,6057,6058,0.6907165514928083,0.3548035730249107,1.1380462578928394,0.6690033179825823,0.8899324912129569,0.7517461432054768,-0.4274132031710884,3.509206977778433,18.10385832822745,17.498391751881286,1.02455773747108,1.0645188707473303,True,True,True,False,True,True,True,True,True,6054,6055,6056,6057,6058,0.6907165514928083,0.1577709094313324,1.4630675294146294,-0.4274132031710884,3.509206977778433,18.10385832822745,17.498391751881286,1.0645188707473303,1.0203984063455955,-0.4274132031710884,False,0.6333243182769143,0.3808754365648008,True,0.1577709094313324,0.3548035730249107,0.6333243182769143,0.38087543656480083,0.1577709094313324
2021-11-10 12:00:00+00:00,2021-11-10 20:00:00+00:00,Long1,-52.33968659345383,-0.0516881688777084,6190,mature_trend,True,True,True,True,True,68348.63,65925.62897185925,68524.25,0.1463546032092884,2.0192310331923933,3.501977437021145,1.1445872983202108,33.91261734655987,21.27432458002334,False,False,excluded_depth_or_extension,False,False,False,excluded_depth_or_extension,False,False,False,excluded_breakout_like,False,False,True,0,False,False,False,outside_orderly_reset,False,False,6187,6188,6189,6190,0.7876027432051651,0.6079680522505907,0.9547800301610624,0.7047320558964528,0.6971631332287029,1.0108567454401909,12.222667302731931,21.27432458002334,32.92501652584885,33.91261734655987,1.0172344764471497,1.1445872983202108,True,True,True,False,False,True,True,True,True,6186,6187,6188,6189,6190,0.7876027432051651,0.6079680522505907,1.3060994133460206,12.222667302731931,21.27432458002334,32.92501652584885,33.91261734655987,1.1445872983202108,,,False,,,False,1.1257490715244236,0.773300727244888,0.6079680522505907,0.6519472145553927,0.6079680522505907
2022-03-30 00:00:00+00:00,2022-03-31 16:00:00+00:00,Long1,-40.53833458326568,-0.0400543963313521,7027,mature_trend,True,True,True,True,True,47435.46,46640.06979098608,48189.84,1.0587875444866024,1.1163461999397393,3.463476601641301,1.145749551835738,59.35611068067125,12.06517925035991,False,False,excluded_depth_or_extension,False,False,False,excluded_depth_or_extension,False,False,False,excluded_depth_or_extension,False,False,False,0,False,False,False,outside_orderly_reset,False,False,7024,7025,7026,7027,1.274092754098698,0.5721821935342783,1.607900775093121,1.1242607108616716,1.1158912544046444,1.0075002437952545,19.066023974999062,12.06517925035991,61.48576328263578,59.35611068067125,1.123843933959554,1.145749551835738,True,True,False,False,False,True,True,False,False,7023,7024,7025,7026,7027,1.274092754098698,0.5721821935342783,1.607900775093121,19.066023974999062,12.06517925035991,61.48576328263578,59.35611068067125,1.145749551835738,,,False,,,False,1.6660902875524182,1.4949848320492884,0.9395792017538205,0.5721821935342783,0.5721821935342783
2022-04-02 00:00:00+00:00,2022-04-02 16:00:00+00:00,Long1,-11.420457916835629,-0.011288645390669,7045,other,True,True,True,True,True,46599.93,46275.1807597399,47600.0,1.2836917132958006,0.4168487292099506,1.2087412501712334,1.12215227000215,30.99158349944456,8.67028962914355,False,False,momentum_persistence_candidate,True,False,False,momentum_persistence_candidate,True,False,False,momentum_persistence_candidate,True,False,False,3,True,False,False,loose_not_accepted_missing_good_support_bad,True,False,7042,7043,7044,7045,0.0565086522037112,-1.9330659134527388,2.5916948458420697,0.4836698407164653,1.7347004530320849,0.2788203807009206,1.7616255071912086,8.67028962914355,31.95160645378981,30.99158349944456,1.0907040013980454,1.12215227000215,False,False,True,False,True,False,False,True,False,7041,7042,7043,7044,7045,0.0,-1.9330659134527388,2.5916948458420697,1.7616255071912086,8.67028962914355,31.95160645378981,30.99158349944456,1.12215227000215,1.824663707532892,1.7616255071912086,True,-0.4381211696936821,-0.2196157483526848,False,-1.732672583356713,-1.9330659134527388,-0.4381211696936821,-0.21961574835268485,-1.9330659134527388
2022-04-04 20:00:00+00:00,2022-04-05 12:00:00+00:00,Long1,-18.74045636304954,-0.0185262487465251,7062,other,True,True,True,True,True,46580.51,46199.42304751454,47444.11,1.184502209042957,0.5226937668555833,0.8989323507533965,1.0293618459893412,16.401256710253246,6.665347738187503,True,True,excluded_reclaim_damage,False,True,False,excluded_reclaim_damage,False,True,False,excluded_reclaim_damage,False,True,False,0,False,False,False,outside_orderly_reset,False,False,7059,7060,7061,7062,0.0,-1.5137894529124163,1.7021390011837805,1.1954810696738534,0.9684082222824824,1.2344805033317183,-3.019496666375914,6.665347738187503,16.54685376363557,16.401256710253246,0.9672020969426832,1.0293618459893412,False,True,True,False,False,False,True,True,False,7058,7059,7060,7061,7062,0.0,-1.5137894529124163,1.7021390011837805,-3.019496666375914,6.665347738187503,16.54685376363557,16.401256710253246,1.0293618459893412,,,False,,,False,-0.6111834655729121,-0.6810146313441567,-0.9282023095154348,-1.5137894529124163,-1.5137894529124163
2023-04-18 16:00:00+00:00,2023-04-19 08:00:00+00:00,Long1,-31.478762838958964,-0.0311247112984389,9335,weakening_trend,True,True,True,True,True,30221.52,29987.91693212548,30485.0,0.800918174555381,0.7100992207856269,1.2903042902139052,1.136928349543215,27.928112594629777,1.248243173561299,False,False,excluded_weakening_state,False,False,False,excluded_weakening_state,False,False,False,excluded_weakening_state,False,False,False,0,False,False,False,outside_orderly_reset,False,False,9332,9333,9334,9335,0.0,-1.5205625308320336,3.168776157141004,1.172132029937167,1.6680430712267893,0.7026988991807648,4.939912340112244,1.248243173561299,29.896673133968868,27.928112594629777,1.1377448619428228,1.136928349543215,False,False,False,False,False,False,False,False,False,9331,9332,9333,9334,9335,0.0,-2.77395091753983,4.219867269930446,4.939912340112244,1.248243173561299,29.896673133968868,27.928112594629777,1.136928349543215,,,False,,,False,-2.77395091753983,-1.5205625308320336,-0.7605531238995807,0.41350568917490454,-2.77395091753983
2023-06-29 08:00:00+00:00,2023-06-30 12:00:00+00:00,Long1,-20.88612653790397,-0.0206576430327859,9765,mature_trend,True,True,True,True,True,30670.94,30362.67316822343,30769.96,0.2709680792410781,0.8435717158172958,2.206848754207813,0.9473549961529216,21.40164506380333,7.936518519929823,False,True,excluded_depth_or_extension,False,False,False,excluded_reclaim_damage,False,True,False,excluded_reclaim_damage,False,True,False,0,False,False,False,outside_orderly_reset,False,False,9762,9763,9764,9765,0.0,-1.0398100082494597,1.2934333703705043,0.7751203107286795,0.6198704368563919,1.2504553607357387,1.6481010526681246,7.936518519929823,21.468190778887383,21.40164506380333,0.9319678363943964,0.9473549961529216,False,True,False,False,False,False,True,False,False,9761,9762,9763,9764,9765,0.0,-1.3201464379854788,1.6625870149839326,1.6481010526681246,7.936518519929823,21.468190778887383,21.40164506380333,0.9473549961529216,,,False,,,False,-1.3201464379854788,-1.0398100082494597,-0.7585557347278582,-0.5228849673479631,-1.3201464379854788
2023-07-11 12:00:00+00:00,2023-07-14 16:00:00+00:00,Long1,-16.90353133430004,-0.0167220644878735,9838,persistent_trend,True,True,True,True,True,30596.45,30387.16662766892,31045.78,1.4779738703534215,0.6883923971352768,0.7043286770733447,1.1212842081469174,19.682691388447672,16.984286350966492,False,False,excluded_depth_or_extension,False,False,False,excluded_depth_or_extension,False,False,False,excluded_depth_or_extension,False,False,False,0,True,False,False,loose_not_accepted_missing_good_support_bad,False,False,9835,9836,9837,9838,0.1360683669874206,-0.07244622621042,1.0319141001208,0.7747308823395743,0.7849758414321386,0.9869486950402536,12.73395394269637,16.984286350966492,17.96717533498592,19.682691388447672,1.057836118530124,1.1212842081469174,True,True,True,False,True,False,False,True,False,9834,9835,9836,9837,9838,0.1360683669874206,-0.458029322480423,2.8149032532238105,12.73395394269637,16.984286350966492,17.96717533498592,19.682691388447672,1.1212842081469174,15.75438044745774,12.73395394269637,True,0.2385487531047414,-0.07244622621042,False,-0.45802932248042305,0.06924556463402966,0.2385487531047414,-0.07244622621042004,-0.45802932248042305
2023-10-31 08:00:00+00:00,2023-11-03 08:00:00+00:00,Long1,-7.919425446015086,-0.0078357173322986,10509,mature_trend,True,True,True,True,True,34488.27,34271.442496425334,34856.0,0.9411011129001192,0.5549087779660837,2.6616612831631605,0.9385153534357942,25.380994812025573,4.478110090437244,True,True,excluded_reclaim_damage,False,True,False,excluded_reclaim_damage,False,True,False,excluded_reclaim_damage,False,True,False,0,False,False,False,outside_orderly_reset,False,False,10506,10507,10508,10509,0.0,-0.4343979279362818,1.3233970480835855,0.7060305952138516,0.8301130252139792,0.8505234513479141,1.2394269536267473,4.478110090437244,26.5181650274613,25.380994812025573,0.9001885410227991,0.9385153534357942,False,True,False,False,False,False,True,False,False,10505,10506,10507,10508,10509,0.0,-0.4492532529504861,1.5188700935335484,1.2394269536267473,4.478110090437244,26.5181650274613,25.380994812025573,0.9385153534357942,,,False,,,False,-0.4492532529504861,0.14173615312384685,-0.14654637591224629,-0.4343979279362818,-0.4492532529504861
2023-11-15 16:00:00+00:00,2023-11-16 12:00:00+00:00,Long1,-30.478280387172635,-0.0301584879089299,10601,mature_trend,True,True,True,True,True,37499.99,36400.48878423254,36744.0,0.0,1.9478378852211151,2.221435455891684,1.289359046961429,24.6574150302471,12.688201645985432,False,True,excluded_breakout_like,False,False,True,excluded_reclaim_damage,False,True,True,excluded_reclaim_damage,False,True,True,0,False,False,False,outside_orderly_reset,False,False,10598,10599,10600,10601,0.0,-1.871292112695215,1.8444294816215805,0.8435721582545893,1.0030413755121486,0.8410143179027536,-5.561007076759896,12.688201645985432,24.671005761375067,24.6574150302471,1.1393846939432912,1.289359046961429,False,True,True,False,False,False,True,True,False,10597,10598,10599,10600,10601,0.0,-1.9938443127794976,1.8716761515161515,-5.561007076759896,12.688201645985432,24.671005761375067,24.6574150302471,1.289359046961429,,,False,,,False,-1.9938443127794976,-1.871292112695215,-1.399740884591883,-0.5752035634996349,-1.9938443127794976
2023-11-20 16:00:00+00:00,2023-11-21 12:00:00+00:00,Long1,-16.98106503729428,-0.0168079605304661,10631,mature_trend,True,True,True,True,True,37569.23,36909.2196776569,37500.0,0.0,1.3895885736243343,1.955017556983256,0.9790848736157516,16.38622755916809,8.324252598436754,False,False,excluded_breakout_like,False,False,True,excluded_breakout_like,False,False,True,excluded_breakout_like,False,False,True,0,False,False,False,outside_orderly_reset,False,False,10628,10629,10630,10631,0.9094528418210748,-0.3704133004550362,1.7184309932695032,1.857700751563231,0.6990441024085143,2.6574871959617923,5.195064666832316,8.324252598436754,16.10171490049613,16.38622755916809,0.8957728674130092,0.9790848736157516,False,True,False,False,False,False,True,False,False,10627,10628,10629,10630,10631,0.9094528418210748,-0.3704133004550362,1.7184309932695032,5.195064666832316,8.324252598436754,16.10171490049613,16.38622755916809,0.9790848736157516,,,False,,,False,0.8309976320046898,0.7365355700839659,0.6989124973126469,-0.37041330045503623,-0.37041330045503623
2023-11-23 16:00:00+00:00,2023-11-26 16:00:00+00:00,Long1,1.6614274316411275,0.0016447671521096,10649,weakening_trend,True,True,True,True,True,37281.42,37015.23114746925,37861.1,1.1002307790603671,0.5052255875605257,0.8644380686182668,1.0263785052523438,16.265904372183996,4.16727531539928,True,True,excluded_weakening_state,False,True,False,excluded_weakening_state,False,True,False,excluded_weakening_state,False,True,False,0,False,False,False,outside_orderly_reset,False,False,10646,10647,10648,10649,0.0,-0.2194588864802178,1.4869666049321284,1.2357418124784618,0.6076936762963817,2.0334946053902514,4.42715991448247,4.16727531539928,16.78873494345887,16.265904372183996,1.0523869979723142,1.0263785052523438,True,True,False,False,False,True,True,False,False,10645,10646,10647,10648,10649,0.0,-0.2194588864802178,1.4869666049321284,4.42715991448247,4.16727531539928,16.78873494345887,16.265904372183996,1.0263785052523438,,,False,,,False,0.5985747842358001,0.5998249779926762,0.3221978949354946,-0.21945888648021789,-0.21945888648021789
2023-11-30 00:00:00+00:00,2023-12-11 00:00:00+00:00,Long1,111.96173292113542,0.1108371970974336,10687,mature_trend,True,True,True,True,True,38051.84,37695.60547047196,38450.0,0.9499201634840516,0.849895425276111,1.4288383945657808,1.0806868514210677,22.69116934565908,10.607245777690723,False,False,excluded_depth_or_extension,False,False,False,momentum_persistence_candidate,True,False,False,momentum_persistence_candidate,True,False,False,2,True,True,True,other_orderly_reset,True,True,10684,10685,10686,10687,0.4642694338137188,-0.1825043511353517,1.6939002312479174,0.7178317324682243,1.1264068462509025,0.6372757186778766,8.273956875263263,10.607245777690723,22.337533702441466,22.69116934565908,1.1030172153209816,1.0806868514210677,True,True,True,True,True,True,True,True,True,10683,10684,10685,10686,10687,0.4642694338137188,-0.1825043511353517,2.099481976757982,8.273956875263263,10.607245777690723,22.337533702441466,22.69116934565908,1.0806868514210677,9.950987647875598,8.273956875263263,True,0.0290877204339949,-0.1825043511353517,False,0.6814785269677325,-0.09570490948504105,0.029087720433994966,-0.18250435113535174,-0.18250435113535174
2023-12-23 04:00:00+00:00,2023-12-24 20:00:00+00:00,Long1,-14.255774629091118,-0.0140969744035671,10826,weakening_trend,True,True,True,True,True,43562.32,43475.31974456099,44398.26,1.4840364241680295,0.1544507356788895,1.0164584607238427,0.9153858481510314,21.01109019503753,3.5441844408403647,False,False,excluded_weakening_state,False,False,False,excluded_weakening_state,False,False,False,excluded_weakening_state,False,False,False,0,False,False,False,outside_orderly_reset,False,False,10823,10824,10825,10826,0.1040896614718452,-0.0175505674943813,1.051256081698858,0.919995984179034,0.7995136239574651,1.150694568061518,5.903993751474877,3.5441844408403647,21.85974899535343,21.01109019503753,0.9363272953075312,0.9153858481510314,True,True,False,False,False,True,True,False,False,10822,10823,10824,10825,10826,0.1040896614718452,-0.0175505674943813,1.1284102111750656,5.903993751474877,3.5441844408403647,21.85974899535343,21.01109019503753,0.9153858481510314,,,False,,,False,0.05163746312917098,0.12608330764297462,0.2705654812824811,-0.017550567494381376,-0.017550567494381376
2023-12-25 12:00:00+00:00,2023-12-25 20:00:00+00:00,Long1,-1.9812385285551264,-0.0019594448392865,10840,other,True,True,True,True,True,43618.0,43461.21935626518,43946.0,0.7147230764212561,0.3416303171141914,0.8983153471476308,0.9087308347986772,17.343213714029577,0.1347938885113357,True,True,excluded_reclaim_damage,False,True,False,excluded_reclaim_damage,False,True,False,excluded_reclaim_damage,False,True,False,0,False,False,False,outside_orderly_reset,False,False,10837,10838,10839,10840,0.0,-1.6602500585436464,1.3394520581589755,0.5599348773787751,0.723256595393807,0.7741856499405931,-8.813761275204424,0.1347938885113357,18.654083703001955,17.343213714029577,0.853743790471007,0.9087308347986772,False,True,False,False,False,False,True,False,False,10836,10837,10838,10839,10840,0.0,-2.195266084109458,2.4363340770886563,-8.813761275204424,0.1347938885113357,18.654083703001955,17.343213714029577,0.9087308347986772,,,False,,,False,-2.195266084109458,-1.6602500585436464,-0.8202443981841534,-0.9102444042892572,-2.195266084109458
2024-02-13 16:00:00+00:00,2024-02-17 12:00:00+00:00,Long1,39.13168764835786,0.0387019965442229,11141,mature_trend,True,True,True,True,True,49036.73,48590.08922429907,50368.61,1.7522027377559644,0.5875943703461499,2.862182647773248,1.1963050142654617,58.755945273992815,7.615137762866055,False,False,excluded_depth_or_extension,False,False,False,excluded_depth_or_extension,False,False,False,excluded_depth_or_extension,False,False,False,0,False,False,False,outside_orderly_reset,False,False,11138,11139,11140,11141,0.24778243312577,-0.1922568949806663,2.429887419763997,2.1446323866548687,0.6791652064375634,3.1577477266601224,9.400348672539277,7.615137762866055,61.82352122698261,58.755945273992815,1.1871012754010728,1.1963050142654617,True,False,False,False,False,True,False,False,False,11137,11138,11139,11140,11141,0.24778243312577,-0.1922568949806663,2.589875838344128,9.400348672539277,7.615137762866055,61.82352122698261,58.755945273992815,1.1963050142654617,,,False,,,False,2.1401597170817195,2.0738716136450788,1.659648558666372,-0.1922568949806663,-0.1922568949806663
2024-02-17 20:00:00+00:00,2024-02-20 00:00:00+00:00,Long1,-2.233270574698124,-0.0022078932254429,11166,other,True,True,True,True,True,51642.64,51443.52627463318,52572.08,1.33049448214114,0.2850315382586504,2.5046149870492216,0.9349164775337696,40.22583546694425,5.268957504908414,True,True,excluded_reclaim_damage,False,True,False,excluded_reclaim_damage,False,True,False,excluded_reclaim_damage,False,True,False,0,False,False,False,outside_orderly_reset,False,False,11163,11164,11165,11166,0.0,-1.1504100849165622,1.84139726303734,1.0093824558946205,1.1078235264450895,0.911140115550391,-0.7829539809399186,5.268957504908414,42.27199085786733,40.22583546694425,0.924858369217168,0.9349164775337696,False,True,False,False,False,False,True,False,False,11162,11163,11164,11165,11166,0.0,-1.1504100849165622,2.0506827395490457,-0.7829539809399186,5.268957504908414,42.27199085786733,40.22583546694425,0.9349164775337696,,,False,,,False,0.5019954615109729,0.04225215403569759,-1.1504100849165622,-0.9786040241617574,-1.1504100849165622
2024-02-20 08:00:00+00:00,2024-02-21 08:00:00+00:00,Long1,-26.558236985152178,-0.0262570316982488,11181,mature_trend,True,True,True,True,True,52286.8,51839.8601266626,52488.77,0.3481010542779605,0.7703136164163643,2.534626949358598,0.922044316209462,23.382496161665923,4.845497863551486,False,True,excluded_depth_or_extension,False,False,False,excluded_reclaim_damage,False,True,False,excluded_reclaim_damage,False,True,False,0,False,False,False,outside_orderly_reset,False,False,11178,11179,11180,11181,0.0,-0.8452938972205789,1.3770992838941372,0.9433043372294572,0.8184279688856717,1.1525807683647595,0.7326371453682405,4.845497863551486,24.14226789471924,23.382496161665923,0.8832337925545334,0.922044316209462,False,True,False,False,False,False,True,False,False,11177,11178,11179,11180,11181,0.0,-0.8452938972205789,1.5839227057555847,0.7326371453682405,4.845497863551486,24.14226789471924,23.382496161665923,0.922044316209462,,,False,,,False,-0.23528424811653967,-0.18443890265882362,-0.8452938972205789,-0.5034430507104903,-0.8452938972205789
2024-03-06 04:00:00+00:00,2024-03-06 12:00:00+00:00,Long1,-3.972223700509709,-0.0039282047967156,11270,mature_trend,True,True,True,True,True,66676.46,64468.984528637295,69000.0,1.121284227692494,1.065274292268293,2.349745576320608,1.6163516149198185,46.02419879275179,0.0578991697622406,True,True,excluded_reclaim_damage,False,True,False,excluded_reclaim_damage,False,True,False,excluded_reclaim_damage,False,True,False,0,False,False,False,outside_orderly_reset,False,False,11267,11268,11269,11270,0.0,-2.8167073945762304,3.8564371286109616,0.6967022207333206,2.88117052388041,0.2418122131122562,-10.182429346009592,0.0578991697622406,49.5563055227392,46.02419879275179,1.5930471353629494,1.6163516149198185,False,False,True,False,False,False,False,True,False,11266,11267,11268,11269,11270,0.0,-2.8167073945762304,4.823345350536901,-10.182429346009592,0.0578991697622406,49.5563055227392,46.02419879275179,1.6163516149198185,,,False,,,False,1.1391582040972779,-2.8167073945762304,-1.5790073343287596,-0.7426469781384786,-2.8167073945762304
2024-03-08 16:00:00+00:00,2024-03-11 00:00:00+00:00,Long1,-4.820664643243818,-0.004767429319736,11285,mature_trend,True,True,True,True,True,68863.99,66667.00846255211,69990.0,0.6817110297855321,1.3301005730974074,2.8120747820659107,0.9155549429056942,20.66989425215852,6.897565163908983,False,False,excluded_depth_or_extension,False,False,False,excluded_depth_or_extension,False,False,False,excluded_depth_or_extension,False,False,False,0,False,False,False,outside_orderly_reset,False,False,11282,11283,11284,11285,0.6966959421175073,0.4075731371911202,1.9420600235570231,1.814871968633448,0.525087353708976,3.4563238969935672,13.087324335130088,6.897565163908983,21.13539795919081,20.66989425215852,0.8744949995586834,0.9155549429056942,True,True,False,False,False,True,True,False,False,11281,11282,11283,11284,11285,0.6966959421175073,0.4075731371911202,1.9573287619973487,13.087324335130088,6.897565163908983,21.13539795919081,20.66989425215852,0.9155549429056942,,,False,,,False,0.4492626342698453,0.40757313719112026,0.49590133906489375,0.456435668299927,0.40757313719112026
2024-03-11 04:00:00+00:00,2024-03-12 16:00:00+00:00,Long1,3.684772590720783,0.0036442557933334,11300,mature_trend,True,True,True,True,True,71019.99,68564.9255329053,69887.61,0.0,1.9118422373716952,3.628768125474285,0.95658023808553,20.09435673796894,9.788876339334472,False,False,excluded_breakout_like,False,False,True,excluded_breakout_like,False,False,True,excluded_breakout_like,False,False,True,0,False,False,False,outside_orderly_reset,False,False,11297,11298,11299,11300,0.2560517936437863,-1.1014281875518552,2.136550249332159,1.6595623788446108,0.9255714723380029,1.7930137525225789,-3.849486606199175,9.788876339334472,20.23281148614983,20.09435673796894,0.8548085406512457,0.95658023808553,False,False,False,False,False,False,True,False,False,11296,11297,11298,11299,11300,0.2560517936437863,-1.1014281875518552,2.186973277537325,-3.849486606199175,9.788876339334472,20.23281148614983,20.09435673796894,0.95658023808553,,,False,,,False,0.5047786812814563,0.83827671841809,-0.16332170917967362,-1.1014281875518552,-1.1014281875518552
2024-03-27 20:00:00+00:00,2024-04-01 04:00:00+00:00,Long1,0.8066177388346354,0.0007977190582579,11400,unstable_transition,True,True,True,True,True,69469.99,68859.59880159385,71769.54,1.6931330640127094,0.4494242438754581,1.286550326255531,0.9864860730911538,31.54870235926836,15.334295495062849,True,True,excluded_reclaim_damage,False,True,False,excluded_reclaim_damage,False,True,False,excluded_reclaim_damage,False,True,False,0,False,False,False,outside_orderly_reset,False,False,11397,11398,11399,11400,0.0,-0.3148938223533718,2.5110101003180683,0.755758868017013,1.5213635836664587,0.496764137206208,14.905883868717012,15.334295495062849,30.87323591917768,31.54870235926836,1.0057917278409791,0.9864860730911538,True,False,False,False,False,True,False,False,False,11396,11397,11398,11399,11400,0.0,-0.3148938223533718,2.5110101003180683,14.905883868717012,15.334295495062849,30.87323591917768,31.54870235926836,0.9864860730911538,,,False,,,False,0.7607823814372694,0.47470066065833627,-0.19588754282502707,-0.3148938223533718,-0.3148938223533718
2024-04-09 08:00:00+00:00,2024-04-09 16:00:00+00:00,Long1,-26.62319506022997,-0.0263292853929345,11475,mature_trend,True,True,True,True,True,70794.85,70042.1491346982,72797.99,1.870540664037574,0.7028752740214412,1.6172185898346214,1.017041375028762,40.75236884368771,8.619438584260589,False,False,momentum_persistence_candidate,True,False,False,momentum_persistence_candidate,True,False,False,momentum_persistence_candidate,True,False,False,3,False,False,False,outside_orderly_reset,False,False,11472,11473,11474,11475,0.4006168725425751,0.1399372800800014,1.764890050136793,1.1700469214735605,0.684633968226249,1.709010910610994,13.361259049987591,8.619438584260589,42.25612454340028,40.75236884368771,0.9913346628238014,1.017041375028762,True,True,False,False,False,True,True,False,False,11471,11472,11473,11474,11475,0.4006168725425751,0.1399372800800014,1.8620523833202525,13.361259049987591,8.619438584260589,42.25612454340028,40.75236884368771,1.017041375028762,,,False,,,False,1.580416569006703,1.6497807217214657,0.8818330216076743,0.1399372800800014,0.1399372800800014
2024-04-10 20:00:00+00:00,2024-04-11 08:00:00+00:00,Long1,-10.279517920931928,-0.0101687121306936,11484,mature_trend,True,True,True,True,True,70631.08,69697.53733866884,71339.79,0.6102348210561077,0.8038270080648897,1.2615554501020645,1.0798345375827574,25.561584350667005,1.9921621695653893,False,True,excluded_depth_or_extension,False,False,False,excluded_reclaim_damage,False,True,False,excluded_reclaim_damage,False,True,False,0,False,False,False,outside_orderly_reset,False,False,11481,11482,11483,11484,0.0,-1.851687312893266,2.222275609650654,1.3674217674016642,1.1049764330653646,1.2375121554477304,-5.108205228825593,1.9921621695653893,27.19245141966362,25.561584350667005,1.0586611319306336,1.0798345375827574,False,False,True,False,False,False,True,True,False,11480,11481,11482,11483,11484,0.0,-1.851687312893266,2.222275609650654,-5.108205228825593,1.9921621695653893,27.19245141966362,25.561584350667005,1.0798345375827574,,,False,,,False,-0.6491723063336365,-0.9628761923990853,-1.851687312893266,-0.9246217705238986,-1.851687312893266
2024-04-12 00:00:00+00:00,2024-04-12 12:00:00+00:00,Long1,-24.21175388391353,-0.023953193536466,11491,mature_trend,True,True,True,True,True,70977.27,70065.250358458,71305.89,0.2919499003039641,0.8102490518637021,1.3353491206067494,1.0111583136739453,16.7183175484086,1.2188298288560055,False,False,excluded_depth_or_extension,False,False,False,excluded_energy_quality,False,False,False,excluded_energy_quality,False,False,False,0,True,False,False,other_orderly_reset,False,False,11488,11489,11490,11491,0.0325636548164904,-0.3393572698119247,1.361748790964998,0.8287762776485037,1.0723829048613895,0.7728361519858682,-0.3979419531130936,1.2188298288560055,17.743441193779933,16.7183175484086,1.021931371457191,1.0111583136739453,True,True,True,False,True,True,True,True,True,11487,11488,11489,11490,11491,0.0325636548164904,-0.3393572698119247,1.5005809098880774,-0.3979419531130936,1.2188298288560055,17.743441193779933,16.7183175484086,1.0111583136739453,-1.8694103909894828,-0.3979419531130936,False,-0.3393572698119247,-0.1447406855792756,False,-0.020122487625795,-0.2969156426988347,-0.33935726981192477,-0.14474068557927564,-0.33935726981192477
2024-05-20 04:00:00+00:00,2024-05-23 12:00:00+00:00,Long1,17.895907925571795,0.0177090452784683,11720,mature_trend,True,True,True,True,True,66825.14,66441.60000901202,67700.0,1.1949287514667086,0.5238586317454414,2.2831787987172687,0.904030183747076,35.1328508443814,12.736369266169852,False,True,excluded_depth_or_extension,False,False,False,excluded_reclaim_damage,False,True,False,excluded_reclaim_damage,False,True,False,0,False,False,False,outside_orderly_reset,False,False,11717,11718,11719,11720,0.0,-0.7203975521488962,1.547168167734167,0.9975755042527192,1.1023110296721592,0.9049855053608692,8.429587230911364,12.736369266169852,35.47781834193066,35.1328508443814,0.8667584612481829,0.904030183747076,False,True,False,False,False,False,True,False,False,11716,11717,11718,11719,11720,0.0,-0.7203975521488962,2.0115713005624927,8.429587230911364,12.736369266169852,35.47781834193066,35.1328508443814,0.904030183747076,,,False,,,False,0.3687592995249775,-0.7203975521488962,-0.5241813435972628,-0.4799746325613217,-0.7203975521488962
2024-06-06 20:00:00+00:00,2024-06-07 16:00:00+00:00,Long1,-23.042787144631525,-0.022798142093977,11826,mature_trend,True,True,True,True,True,70799.06,70441.3549698075,71758.0,1.3095410457882777,0.4884866825057029,1.7442814983469677,0.952875076237053,40.77715836281211,9.370929984633175,False,False,excluded_energy_quality,False,False,False,momentum_persistence_candidate,True,False,False,momentum_persistence_candidate,True,False,False,2,False,False,False,outside_orderly_reset,False,False,11823,11824,11825,11826,0.1046958911299625,0.0639575943336884,1.707016400645862,1.2846308694388668,0.7356873278402781,1.746164193435404,13.74041647975565,9.370929984633175,42.04690569670724,40.77715836281211,0.940503401132088,0.952875076237053,True,True,False,False,False,True,True,False,False,11822,11823,11824,11825,11826,0.1046958911299625,0.0639575943336884,1.707016400645862,13.74041647975565,9.370929984633175,42.04690569670724,40.77715836281211,0.952875076237053,,,False,,,False,0.8020382095483696,0.792995831622513,0.8534493382081393,0.06395759433368846,0.06395759433368846
2024-07-28 00:00:00+00:00,2024-07-29 16:00:00+00:00,Long1,-10.493383920839902,-0.0103843411079767,12133,weakening_trend,True,True,True,True,True,67940.95,67305.08119726158,69399.99,1.4101170206503877,0.6145475255250195,1.5377967195867128,1.0729412344010016,26.53933864912654,5.291513244907907,False,False,excluded_weakening_state,False,False,False,excluded_weakening_state,False,False,False,excluded_weakening_state,False,False,False,0,False,False,False,outside_orderly_reset,False,False,12130,12131,12132,12133,0.6358137529439956,-0.5680124806787781,2.6577802566196578,2.4462251265082,1.401117054563073,1.7459106064989236,5.694402153199217,5.291513244907907,27.54472500735697,26.53933864912654,1.080526016712399,1.0729412344010016,False,False,False,False,False,False,False,False,False,12129,12130,12131,12132,12133,0.6358137529439956,-0.5680124806787781,2.6577802566196578,5.694402153199217,5.291513244907907,27.54472500735697,26.53933864912654,1.0729412344010016,,,False,,,False,1.1859376522924847,1.282830500499762,0.5322781827724953,-0.5680124806787781,-0.5680124806787781
2024-09-23 00:00:00+00:00,2024-09-26 00:00:00+00:00,Long1,-14.186961589560504,-0.0140409946545671,12475,mature_trend,True,True,True,True,True,64354.0,62941.78481474421,64000.0,0.0,1.6831991411020142,3.260406026400187,1.0282950891116611,33.069930560133145,18.15477639540989,False,False,excluded_breakout_like,False,False,True,excluded_breakout_like,False,False,True,excluded_breakout_like,False,False,True,0,False,False,False,outside_orderly_reset,False,False,12472,12473,12474,12475,0.0,-0.5931051387018312,1.9571598170634084,2.2378649967595883,0.955011450048437,2.343286037718277,14.536138746517322,18.15477639540989,31.97393914128754,33.069930560133145,0.8909285323270015,1.0282950891116611,False,True,True,False,False,False,True,True,False,12471,12472,12473,12474,12475,0.0,-0.5931051387018312,1.9571598170634084,14.536138746517322,18.15477639540989,31.97393914128754,33.069930560133145,1.0282950891116611,,,False,,,False,-0.17853791844654757,-0.3564192107358044,-0.3651512446493055,-0.5931051387018312,-0.5931051387018312
2024-09-26 04:00:00+00:00,2024-09-30 00:00:00+00:00,Long1,10.084921676253783,0.0099825600798847,12494,unstable_transition,True,True,True,True,True,63852.07,63520.89223376714,64817.99,1.2847860423918795,0.4405049813716463,1.5571845902264871,0.94902680348504,21.106305132460445,0.8242407005277386,False,True,excluded_energy_quality,False,False,False,excluded_reclaim_damage,False,True,False,excluded_reclaim_damage,False,True,False,0,False,False,False,outside_orderly_reset,False,False,12491,12492,12493,12494,0.0,-1.0617981006213555,1.3301164096321454,1.1372252605005249,0.8313388417182394,1.3679443368122546,-2.4387527898223382,0.8242407005277386,22.554639919568075,21.106305132460445,0.9712433213730696,0.94902680348504,False,True,False,False,False,False,True,False,False,12490,12491,12492,12493,12494,0.0,-1.0617981006213555,1.7677247084011212,-2.4387527898223382,0.8242407005277386,22.554639919568075,21.106305132460445,0.94902680348504,,,False,,,False,-0.3459513970593906,-0.6705038726384536,-0.7048318216555188,-1.0617981006213557,-1.0617981006213557
2024-11-06 00:00:00+00:00,2024-11-17 20:00:00+00:00,Long1,209.62197348626563,0.2074736076153759,12739,mature_trend,True,True,True,True,True,74348.53,69471.6037338237,70577.91,0.0,3.6059511317153934,3.696650250073799,1.4658282602712245,23.77652033473281,29.705418481006223,False,False,excluded_breakout_like,False,False,True,excluded_breakout_like,False,False,True,excluded_breakout_like,False,False,True,0,False,False,False,outside_orderly_reset,False,False,12736,12737,12738,12739,0.0804393980298201,-0.2536960308543038,1.4136473778684675,1.09158541162366,1.789180715442095,0.6101034972053879,3.949356558562304,29.705418481006223,21.325628868794897,23.77652033473281,1.1323918521876302,1.4658282602712245,True,True,True,False,False,True,True,True,True,12735,12736,12737,12738,12739,0.0,-0.2536960308543038,1.451274941435647,3.949356558562304,29.705418481006223,21.325628868794897,23.77652033473281,1.4658282602712245,,,False,,,False,-0.23973058109158893,-0.2536960308543038,-0.17998999472569396,-0.16832238424093224,-0.2536960308543038
2024-11-18 12:00:00+00:00,2024-11-24 12:00:00+00:00,Long1,38.36487178737503,0.0378931107964931,12814,mature_trend,True,True,True,True,True,92309.51,90342.95564387777,92300.0,0.0,1.1483502453492689,2.878823664115952,0.9358596913910698,17.4366894629778,0.2703688334225909,False,False,excluded_breakout_like,False,False,True,excluded_breakout_like,False,False,True,excluded_breakout_like,False,False,True,0,False,False,False,outside_orderly_reset,False,False,12811,12812,12813,12814,0.0871637383816943,-0.2190406156621463,1.5661511121969294,1.3532917467982788,1.0297023153293137,1.3142553208355918,3.560182381301068,0.2703688334225909,18.722899147420456,17.4366894629778,0.8613679949933529,0.9358596913910698,True,True,False,False,False,False,True,False,False,12810,12811,12812,12813,12814,0.0,-0.747534691320257,2.0893382199522104,3.560182381301068,0.2703688334225909,18.722899147420456,17.4366894629778,0.9358596913910698,,,False,,,False,-0.747534691320257,-0.2190406156621463,0.20442668230389094,-0.05313861390612081,-0.747534691320257
2024-12-18 08:00:00+00:00,2024-12-18 16:00:00+00:00,Long1,-22.3190733484472,-0.0220362741652656,12993,unstable_transition,True,True,True,True,True,105028.33,104797.09994026204,108353.0,2.2004496319471127,0.1530407829485377,1.4956277116561678,1.0744514519546633,31.12300911741809,0.0257514455238911,True,True,excluded_reclaim_damage,False,True,False,excluded_reclaim_damage,False,True,False,excluded_reclaim_damage,False,True,False,0,False,False,False,outside_orderly_reset,False,False,12990,12991,12992,12993,0.0,-1.0708214785821144,2.492658636902387,1.065077516085532,1.1719062788743029,0.9088418888826272,-1.329534453891842,0.0257514455238911,33.51235457913317,31.12300911741809,1.095686927949857,1.0744514519546633,False,False,True,False,False,False,False,True,False,12989,12990,12991,12992,12993,0.0,-1.0708214785821144,2.9751575875307963,-1.329534453891842,0.0257514455238911,33.51235457913317,31.12300911741809,1.0744514519546633,,,False,,,False,0.9805319902023488,0.32765741674113347,-0.1620154497424185,-1.0708214785821144,-1.0708214785821144
2025-01-20 04:00:00+00:00,2025-01-20 16:00:00+00:00,Long1,-33.41089495715864,-0.0329948160322029,13190,mature_trend,True,True,True,True,True,107120.65,103369.76641909171,106422.43,0.0,1.55269597398951,2.6402931478974185,1.4963415664392996,29.98633203923935,15.72344515447366,True,True,excluded_reclaim_damage,False,True,True,excluded_reclaim_damage,False,True,True,excluded_reclaim_damage,False,True,True,0,False,False,False,outside_orderly_reset,False,False,13187,13188,13189,13190,0.0,-1.7889831088260648,2.8448748574437945,1.398218470818498,2.304705793919052,0.6066798089837265,-7.563398268470998,15.72344515447366,30.033526770430548,29.98633203923935,1.264932001546866,1.4963415664392996,False,False,True,False,False,False,False,True,False,13186,13187,13188,13189,13190,0.0,-1.7889831088260648,2.8448748574437945,-7.563398268470998,15.72344515447366,30.033526770430548,29.98633203923935,1.4963415664392996,,,False,,,False,0.8678039596359611,0.804779477995182,-1.7889831088260648,-1.72792632347901,-1.7889831088260648
2025-01-21 16:00:00+00:00,2025-01-22 12:00:00+00:00,Long1,-27.96598794958808,-0.0276268210320454,13199,mature_trend,True,True,True,True,True,107031.34,103909.14123890264,109588.0,0.9258566925011564,1.1306582096488358,1.889531582317045,1.2853273276902597,21.50820808083556,3.5489967304872714,False,False,excluded_depth_or_extension,False,False,False,excluded_depth_or_extension,False,False,False,excluded_depth_or_extension,False,False,False,0,False,False,False,outside_orderly_reset,False,False,13196,13197,13198,13199,0.0,-0.8712542525321465,1.5239809893323588,0.9283390312138672,0.7464071476299028,1.2437434906158926,-1.5572359937822604,3.5489967304872714,22.59875517539279,21.50820808083556,1.298792986709036,1.2853273276902597,False,True,True,False,False,False,True,True,False,13195,13196,13197,13198,13199,0.0,-1.2571773055071245,1.8834509177719423,-1.5572359937822604,3.5489967304872714,22.59875517539279,21.50820808083556,1.2853273276902597,,,False,,,False,-1.2571773055071245,-0.8712542525321465,-0.6609167626538014,-0.28664966831231975,-1.2571773055071245
2025-04-28 16:00:00+00:00,2025-04-30 12:00:00+00:00,Long1,-9.362935361156602,-0.0092519445136052,13781,mature_trend,True,True,True,True,True,94787.2,94092.5442143134,95630.0,0.8010443985194641,0.6602398267956633,2.506832606539574,1.0300967562711751,34.15331964992705,6.351168502384404,True,True,excluded_reclaim_damage,False,True,False,excluded_reclaim_damage,False,True,False,excluded_reclaim_damage,False,True,False,0,False,False,False,outside_orderly_reset,False,False,13778,13779,13780,13781,0.0,-0.4271835901239452,1.944728219993681,2.006923265878626,1.1599771819665907,1.7301402967911386,8.114012143046978,6.351168502384404,35.570176565890335,34.15331964992705,0.9924846251845842,1.0300967562711751,False,True,False,False,False,False,False,False,False,13777,13778,13779,13780,13781,0.0,-1.1130301914270004,2.6897812498411184,8.114012143046978,6.351168502384404,35.570176565890335,34.15331964992705,1.0300967562711751,,,False,,,False,-1.1130301914270004,-0.058948932631275965,0.31947976691624747,-0.42718359012394524,-1.1130301914270004
2025-05-06 20:00:00+00:00,2025-05-13 00:00:00+00:00,Long1,50.01415718707209,0.0494258452762775,13830,mature_trend,True,True,True,True,True,96834.02,95031.35229859671,95199.0,0.0,1.799927151538318,2.011796373454865,1.1809665586294666,26.098024243186043,5.297619196460808,False,True,excluded_breakout_like,False,False,True,excluded_reclaim_damage,False,True,True,excluded_reclaim_damage,False,True,True,0,False,False,False,outside_orderly_reset,False,False,13827,13828,13829,13830,0.0,-1.640964023465299,1.777293911265036,1.0588210218282366,1.167530474636651,0.9068894087392056,-8.835949788164953,5.297619196460808,27.07193984059006,26.098024243186043,1.0559027998659782,1.1809665586294666,False,True,True,False,False,False,True,True,False,13826,13827,13828,13829,13830,0.0,-1.640964023465299,1.777293911265036,-8.835949788164953,5.297619196460808,27.07193984059006,26.098024243186043,1.1809665586294666,,,False,,,False,-0.7644976086386444,-1.3395927676870758,-1.640964023465299,-0.7039278488629145,-1.640964023465299
2025-05-13 08:00:00+00:00,2025-05-15 00:00:00+00:00,Long1,-10.529264139084884,-0.0104002673789058,13869,unstable_transition,True,True,True,True,True,103729.2,102927.19942642371,105819.45,1.5335123832916662,0.5883879014406056,1.999461608646872,1.1165227608899455,42.4010625768173,4.879229205725682,True,True,excluded_reclaim_damage,False,True,False,excluded_reclaim_damage,False,True,False,excluded_reclaim_damage,False,True,False,0,False,False,False,outside_orderly_reset,False,False,13866,13867,13868,13869,0.0,-1.0434605800320849,1.2458994854938763,0.9732903778376624,0.9906454013353654,0.9824810941692064,0.2940139072716725,4.879229205725682,44.6150415832439,42.4010625768173,1.1297924342001795,1.1165227608899455,False,True,True,False,False,False,True,True,False,13865,13866,13867,13868,13869,0.0,-1.6617050152154669,1.767766900208319,0.2940139072716725,4.879229205725682,44.6150415832439,42.4010625768173,1.1165227608899455,,,False,,,False,-1.6617050152154667,-0.88239646131901,-1.0434605800320849,-0.8998936219482319,-1.6617050152154667
2025-05-15 20:00:00+00:00,2025-05-17 00:00:00+00:00,Long1,-3.5010258496011644,-0.0034584932921155,13884,unstable_transition,True,True,True,True,True,103763.71,103191.33317132754,104356.95,0.4733042567606543,0.4566590072851565,1.3574928907005226,0.9788766458968952,22.551725050537005,2.797242048301211,False,False,excluded_energy_quality,False,False,False,excluded_energy_quality,False,False,False,excluded_energy_quality,False,False,False,0,False,False,False,outside_orderly_reset,False,False,13881,13882,13883,13884,0.0,-1.4281235385332367,2.2416051495557503,1.3102454387684002,1.183425485119089,1.1071634464898727,3.015927384760684,2.797242048301211,23.68833245237328,22.551725050537005,0.9760582148743006,0.9788766458968952,False,False,False,False,False,False,True,False,False,13880,13881,13882,13883,13884,0.0,-1.4281235385332367,2.2416051495557503,3.015927384760684,2.797242048301211,23.68833245237328,22.551725050537005,0.9788766458968952,,,False,,,False,-1.2382192085262262,-1.3815760383525042,-1.4281235385332367,-0.46226856816186335,-1.4281235385332367
2025-05-18 20:00:00+00:00,2025-05-23 20:00:00+00:00,Long1,7.199699008108206,0.0071124792939241,13902,mature_trend,True,True,True,True,True,106454.26,103921.52360179112,105980.0,0.0,2.1657389354383016,2.941879414664002,1.106864679629138,18.002814821712384,16.03100348573203,False,False,excluded_breakout_like,False,False,True,excluded_breakout_like,False,False,True,excluded_breakout_like,False,False,True,0,False,False,False,outside_orderly_reset,False,False,13899,13900,13901,13902,0.2290838161587349,0.0773176706482652,1.9484272985454032,2.12930218239473,1.256974384149349,1.6939901156662984,14.961096989554925,16.03100348573203,16.062229647785855,18.002814821712384,0.943989347625577,1.106864679629138,True,True,True,False,False,True,True,True,True,13898,13899,13900,13901,13902,0.2290838161587349,-0.1119298143922343,2.295349285420168,14.961096989554925,16.03100348573203,16.062229647785855,18.002814821712384,1.106864679629138,,,False,,,False,-0.11192981439223439,0.44263583964142567,0.07731767064826527,0.1961189831009264,-0.11192981439223439
2025-05-24 08:00:00+00:00,2025-05-24 20:00:00+00:00,Long1,-14.41569929328894,-0.0142400489027599,13935,other,True,True,True,True,True,109208.56,108723.73725604154,111980.0,1.715851262010571,0.3001629900241567,1.3823183898578086,1.0202473804346153,31.506820304537825,1.3785682789591291,True,True,excluded_reclaim_damage,False,True,False,excluded_reclaim_damage,False,True,False,excluded_reclaim_damage,False,True,False,0,False,False,False,outside_orderly_reset,False,False,13932,13933,13934,13935,0.0,-1.233063071673206,1.1932157363131544,0.6382125213553423,1.040971669901787,0.6130930742962064,-2.9571522050109422,1.3785682789591291,33.65236212537223,31.506820304537825,1.014351541172333,1.0202473804346153,False,True,True,False,False,False,True,True,False,13931,13932,13933,13934,13935,0.0,-1.233063071673206,1.8632573133672992,-2.9571522050109422,1.3785682789591291,33.65236212537223,31.506820304537825,1.0202473804346153,,,False,,,False,-0.6086104225639479,-1.233063071673206,-1.1682655061928318,-0.6949838123533186,-1.233063071673206
2025-05-25 20:00:00+00:00,2025-05-27 00:00:00+00:00,Long1,-2.0519591374149595,-0.0020272447783887,13944,other,True,True,True,True,True,109004.19,108290.54365385196,109506.03,0.3544193109969438,0.5040053528958999,1.2098197892973093,0.934224467611982,22.707347523531368,0.376932860461892,True,True,excluded_reclaim_damage,False,True,False,excluded_reclaim_damage,False,True,False,excluded_reclaim_damage,False,True,False,0,False,False,False,outside_orderly_reset,False,False,13941,13942,13943,13944,0.0,-1.2258018558454489,0.9465800787548146,0.95515536385931,0.7766340413892348,1.2298654359146275,-7.256325466060247,0.376932860461892,24.378869287444385,22.707347523531368,0.8913694126388588,0.934224467611982,False,True,False,False,False,False,True,False,False,13940,13941,13942,13943,13944,0.0,-1.2258018558454489,1.1921678581388413,-7.256325466060247,0.376932860461892,24.378869287444385,22.707347523531368,0.934224467611982,,,False,,,False,-0.7574637530223461,-1.2258018558454487,-1.2203700984937842,-1.1567535618831115,-1.2258018558454487
2025-05-27 12:00:00+00:00,2025-05-27 20:00:00+00:00,Long1,-12.05228345993757,-0.0119073708933103,13954,mature_trend,True,True,True,True,True,110140.11,109128.80049078152,110422.22,0.2144691273109022,0.768830129677445,1.582578753466474,0.9501152323115056,16.112744676465102,0.9184575318216944,False,False,excluded_energy_quality,False,False,False,excluded_energy_quality,False,False,False,excluded_energy_quality,False,False,False,0,False,False,False,outside_orderly_reset,False,False,13951,13952,13953,13954,0.0,-1.0353689146546936,1.811200180707207,0.3733117435274077,1.214985498997471,0.3072561309048057,-3.9703903167471104,0.9184575318216944,17.16456682182376,16.112744676465102,0.9004342701776158,0.9501152323115056,False,True,False,False,False,False,True,False,False,13950,13951,13952,13953,13954,0.0,-1.0353689146546936,1.811200180707207,-3.9703903167471104,0.9184575318216944,17.16456682182376,16.112744676465102,0.9501152323115056,,,False,,,False,0.029344980839332,-1.0353689146546936,-0.31299007263142625,0.3229669527453271,-1.0353689146546936
2025-07-16 04:00:00+00:00,2025-07-18 16:00:00+00:00,Long1,-7.983007887934942,-0.0078879593956304,14252,unstable_transition,True,True,True,True,True,118189.25,117836.22008484953,122120.0,2.672947706912439,0.2400637288489347,1.6482969594294357,1.1706859397285407,32.16966391967391,5.097435501369549,True,True,excluded_reclaim_damage,False,True,False,excluded_reclaim_damage,False,True,False,excluded_reclaim_damage,False,True,False,0,False,False,False,outside_orderly_reset,False,False,14249,14250,14251,14252,0.0,-1.2054194857348433,1.479666873460819,0.7825885662824755,1.1714802118705945,0.6680339610968375,4.827631028843655,5.097435501369549,33.62725392698464,32.16966391967391,1.2179085994820114,1.1706859397285407,False,True,True,False,False,False,True,True,False,14248,14249,14250,14251,14252,0.0,-1.5122353586676147,1.8726036165664128,4.827631028843655,5.097435501369549,33.62725392698464,32.16966391967391,1.1706859397285407,,,False,,,False,-1.5122353586676147,-1.2054194857348433,-1.0719156065496356,-0.5194857079223116,-1.5122353586676147
2025-08-10 00:00:00+00:00,2025-08-14 12:00:00+00:00,Long1,-3.083977065633845,-0.0030474989451478,14401,mature_trend,True,True,True,True,True,118500.0,116480.58551430916,117944.05,0.0,2.141093907570008,2.680886031213039,0.9666263383314064,25.015075549054345,18.81368274317,False,False,excluded_breakout_like,False,False,True,excluded_breakout_like,False,False,True,excluded_breakout_like,False,False,True,0,False,False,False,outside_orderly_reset,False,False,14398,14399,14400,14401,0.2261573586110576,0.1069742300466091,0.9310627551972696,0.7699514207289262,0.5524366283150022,1.393737093569212,9.004823862066047,18.81368274317,23.5224419273766,25.015075549054345,0.8755916994821772,0.9666263383314064,True,True,False,False,False,True,True,False,False,14397,14398,14399,14400,14401,0.2261573586110576,0.1069742300466091,1.6796132486173427,9.004823862066047,18.81368274317,23.5224419273766,25.015075549054345,0.9666263383314064,,,False,,,False,0.6520523789309711,0.5323390234384155,0.28880696477471296,0.10697423004660911,0.10697423004660911
2025-09-16 04:00:00+00:00,2025-09-17 12:00:00+00:00,Long1,-0.7035496149555155,-0.0006952491367402,14624,mature_trend,True,True,True,True,True,115840.0,115324.21714762688,116757.99,1.1902969723718484,0.6687815418261979,1.919666695162132,1.016555006277207,27.308452601520145,10.06453058142668,False,False,momentum_persistence_candidate,True,False,False,momentum_persistence_candidate,True,False,False,momentum_persistence_candidate,True,False,False,3,True,False,False,loose_not_accepted_missing_good_support_bad,True,False,14621,14622,14623,14624,0.0499338108515722,-0.8338374134797553,1.3032078541397785,0.7692120210058813,0.8815463020491097,0.8725713206644812,6.144194535614663,10.06453058142668,27.80788210613821,27.308452601520145,0.976149917185431,1.016555006277207,False,True,True,False,True,False,True,True,False,14620,14621,14622,14623,14624,0.0,-1.1210394059169355,1.583280780895318,6.144194535614663,10.06453058142668,27.80788210613821,27.308452601520145,1.016555006277207,9.080352931249363,6.144194535614663,True,-0.0866552293943957,-0.4346648125839169,False,-1.1210394059169355,-0.8338374134797553,-0.0866552293943957,-0.4346648125839169,-1.1210394059169355
2025-10-08 08:00:00+00:00,2025-10-09 08:00:00+00:00,Long1,-2.218310933796568,-0.0021921531533684,14757,other,True,True,True,True,True,122884.14,122626.98415369156,126199.63,2.524476545105107,0.1958033058287918,1.6957382426173089,1.0786057778652594,35.52473929531377,4.7391298730098335,True,True,excluded_reclaim_damage,False,True,False,excluded_reclaim_damage,False,True,False,excluded_reclaim_damage,False,True,False,0,False,False,False,outside_orderly_reset,False,False,14754,14755,14756,14757,0.0,-1.193189565587403,0.9338649771347514,0.6566616585396226,0.7757425923986636,0.8464942688130189,-2.5037145775087843,4.7391298730098335,37.45007079921135,35.52473929531377,1.066549928933788,1.0786057778652594,False,True,True,False,False,False,True,True,False,14753,14754,14755,14756,14757,0.0,-1.7797047267031336,1.307873910642504,-2.5037145775087843,4.7391298730098335,37.45007079921135,35.52473929531377,1.0786057778652594,,,False,,,False,-1.7797047267031336,-1.1832019567839216,-1.1410410295830842,-1.193189565587403,-1.7797047267031336
