branch,group,trade_count,losers,winners,loser_share,avg_pnl
pre2022_pathway_branch,pathway_directional_complete,1,0,1,0.000000,213.024813
pre2022_pathway_branch,pathway_directional_absent_stall,2,1,1,0.500000,1.574361
pre2022_pathway_branch,pathway_directional_present_but_incomplete,0,0,0,0.000000,0.000000
pre2022_pathway_branch,pathway_other,0,0,0,0.000000,0.000000
post2022_pathway_branch,pathway_directional_complete,1,0,1,0.000000,111.961733
post2022_pathway_branch,pathway_directional_absent_stall,0,0,0,0.000000,0.000000
post2022_pathway_branch,pathway_directional_present_but_incomplete,0,0,0,0.000000,0.000000
post2022_pathway_branch,pathway_other,0,0,0,0.000000,0.000000
context,other_long1,86,60,26,0.697674,10.622073
