EntryTime,open,high,low,close,volume,ema20,ema50,ema200,atr,atr_ma,rsi,cont_high,cont_low,plus_di,minus_di,adx,weekly_ema200,weekly_bull,weekly_bear,daily_ema200,daily_bull,daily_bear,exec_bull_structure,exec_bear_structure,exec_slope_up,exec_slope_down,exec_adx_pass,exec_atr_pass,exec_distance_atr,exec_distance_pass,long_distance_cap_pass,short_distance_cap_pass,short_ema20_gap_atr,short_ema20_proximity_pass,exec_bull_momentum,exec_bear_momentum,short_squeeze_risk,short_squeeze_pass,long_pullback,short_pullback,long_resumption_soft,short_resumption_soft,long_resumption_strong,short_resumption_strong,long_resumption,short_resumption,starter_long_signal,starter_short_signal,add_long_signal,add_short_signal,atr_ratio,di_spread,close_ema20_gap_atr,regime_label,executed_short1,baseline_active_context,blocked_by_open_trade_context,skipped_flat_or_cooldown_context,entry_open,entry_high,entry_low,entry_close,entry_volume,entry_ema20,entry_ema50,entry_ema200,entry_atr,entry_atr_ma,entry_atr_ratio,entry_rsi,entry_plus_di,entry_minus_di,entry_adx,entry_di_spread,entry_weekly_bear,entry_daily_bear,entry_exec_bear_structure,entry_exec_slope_down,entry_exec_adx_pass,entry_exec_atr_pass,entry_exec_distance_atr,entry_exec_distance_pass,entry_short_distance_cap_pass,entry_short_ema20_gap_atr,entry_short_ema20_proximity_pass,entry_exec_bear_momentum,entry_short_squeeze_risk,entry_short_squeeze_pass,entry_short_pullback,entry_short_resumption,entry_short_resumption_soft,entry_short_resumption_strong,entry_starter_short_signal,entry_cont_low,entry_add_short_signal,entry_regime_label,entry_close_minus_ema20_atr,entry_high_minus_ema50_atr,entry_close_minus_cont_low_atr,fwd_24bar_short_return,fwd_24bar_mfe_atr,fwd_24bar_mae_atr,fwd_24bar_favorable,starter_population
2022-04-29 00:00:00+00:00,18.09,18.2,17.68,17.87,369736.52,17.993550471854796,18.49545702612238,19.90389091928376,0.49027031181667274,0.4788109331017648,45.51183028698741,18.51,17.38,17.434728247990016,19.212271460207443,19.87855506340703,43.69212372897958,False,True,33.24110392010863,False,True,False,True,False,True,True,True,1.2757391403219567,True,True,True,0.2520047999581798,True,False,True,False,True,False,True,False,True,False,False,False,True,False,True,False,False,1.0239329930097323,-1.7775432122174273,0.0,other,True,flat,False,False,18.09,18.2,17.68,17.87,369736.52,17.993550471854796,18.49545702612238,19.90389091928376,0.49027031181667274,0.4788109331017648,1.0239329930097323,45.51183028698741,17.434728247990016,19.212271460207443,19.87855506340703,-1.7775432122174273,True,True,True,True,True,True,1.2757391403219567,True,True,0.2520047999581798,True,True,False,True,True,True,True,False,True,17.38,False,other,-0.2520047999581798,-0.602641071672441,0.9994486473886841,0.17291550083939572,12.27894052506093,0.34674748991035464,True,starter_short_signal_favorable
2022-04-30 16:00:00+00:00,17.62,17.71,17.21,17.5,401764.74,17.65575103700036,18.153565003279365,19.671271315678585,0.49599810104587405,0.47887843376137995,44.19261251757291,18.2,17.0,16.160406101295425,16.826079772128505,18.459568573130937,43.69212372897958,False,True,33.08258547314237,False,True,False,True,False,True,True,True,1.3176764223517008,True,True,True,0.3140153897201219,True,False,True,False,True,False,True,False,True,False,False,False,True,False,True,False,False,1.0357495056731343,-0.6656736708330797,0.0,other,False,Short1,True,False,17.62,17.71,17.21,17.5,401764.74,17.65575103700036,18.153565003279365,19.671271315678585,0.49599810104587405,0.47887843376137995,1.0357495056731343,44.19261251757291,16.160406101295425,16.826079772128505,18.459568573130937,-0.6656736708330797,True,True,True,True,True,True,1.3176764223517008,True,True,0.3140153897201219,True,True,False,True,True,True,True,False,True,17.0,False,other,-0.3140153897201219,-0.8942877046183273,1.0080683755556472,0.10742857142857147,11.391172643778814,0.08064547004445005,True,starter_short_signal_favorable
2022-06-07 20:00:00+00:00,7.53,7.66,7.17,7.33,904233.42,7.429176927743003,7.548364384991945,9.539695385984855,0.23910790852614425,0.1916306488208579,45.85836604169658,7.88,7.0,20.645989529442225,20.70895952564547,17.40734072486797,41.8461022439134,False,True,25.604103401510983,False,True,False,True,False,True,True,True,0.9132461838587371,True,True,True,0.4147789521238657,True,False,True,False,True,False,True,False,True,False,False,False,True,False,True,False,False,1.2477539996729308,-0.06296999620324328,0.0,other,False,Short1,True,False,7.53,7.66,7.17,7.33,904233.42,7.429176927743003,7.548364384991945,9.539695385984855,0.23910790852614425,0.1916306488208579,1.2477539996729308,45.85836604169658,20.645989529442225,20.70895952564547,17.40734072486797,-0.06296999620324328,True,True,True,True,True,True,0.9132461838587371,True,True,0.4147789521238657,True,True,False,True,True,True,True,False,True,7.0,False,other,-0.4147789521238657,0.46688382536643924,1.3801300092251763,0.16780354706684864,5.311409429442346,0.5436875793917355,True,starter_short_signal_favorable
2022-06-08 00:00:00+00:00,7.33,7.46,7.14,7.19,592104.36,7.40639817271986,7.534310879698144,9.516315332392967,0.2448859150599911,0.19437131676222516,41.96010437876848,7.88,7.0,18.718935733857737,19.651071276126142,16.33748308605801,41.8461022439134,False,True,25.422271526869086,False,True,False,True,False,True,True,True,1.4060052396798566,True,True,True,0.8836693309488515,True,False,True,False,True,False,True,False,True,False,False,False,True,False,True,False,False,1.2598871023730347,-0.932135542268405,0.0,other,False,Short1,True,False,7.33,7.46,7.14,7.19,592104.36,7.40639817271986,7.534310879698144,9.516315332392967,0.2448859150599911,0.19437131676222516,1.2598871023730347,41.96010437876848,18.718935733857737,19.651071276126142,16.33748308605801,-0.932135542268405,True,True,True,True,True,True,1.4060052396798566,True,True,0.8836693309488515,True,True,False,True,True,True,True,False,True,7.0,False,other,-0.8836693309488515,-0.3034510158738196,0.7758714908264732,0.196105702364395,6.288642609856665,0.8983775156938082,True,starter_short_signal_favorable
2022-07-01 00:00:00+00:00,5.4,5.56,5.32,5.32,967091.04,5.475817665434476,5.632625304593314,6.687315459196915,0.20355147795051415,0.20763142769175805,39.20554872697796,5.57,5.08,16.770631141634315,20.01868906407111,29.023926383813667,40.79171847468947,False,True,21.390816718156053,False,True,False,True,False,True,True,True,1.5358537689876999,True,True,True,0.765495131763949,True,False,True,False,True,False,True,False,True,False,False,False,True,False,True,False,False,0.9803500376286925,-3.2480579224367965,0.0,other,False,Short1,True,False,5.4,5.56,5.32,5.32,967091.04,5.475817665434476,5.632625304593314,6.687315459196915,0.20355147795051415,0.20763142769175805,0.9803500376286925,39.20554872697796,16.770631141634315,20.01868906407111,29.023926383813667,-3.2480579224367965,True,True,True,True,True,True,1.5358537689876999,True,True,0.765495131763949,True,True,False,True,True,True,True,False,True,5.08,False,other,-0.765495131763949,-0.35679084880420575,1.1790629201834986,-0.03759398496240588,0.6386590817660606,1.4247010285550596,False,starter_short_signal_unfavorable
2022-07-01 08:00:00+00:00,5.39,5.49,5.25,5.33,897017.38,5.454535549255886,5.611616053951767,6.661029665098811,0.20459285598794333,0.20613117999952607,40.72901083770288,5.57,5.08,17.179791260169967,20.090845121924385,26.680952298850908,40.79171847468947,False,True,21.390816718156053,False,True,False,True,False,True,True,True,1.3764706132669793,True,True,True,0.6086994027945181,True,False,True,False,True,False,True,False,True,False,False,False,True,False,True,False,False,0.9925371600182646,-2.911053861754418,0.0,other,False,Short1,True,False,5.39,5.49,5.25,5.33,897017.38,5.454535549255886,5.611616053951767,6.661029665098811,0.20459285598794333,0.20613117999952607,0.9925371600182646,40.72901083770288,17.179791260169967,20.090845121924385,26.680952298850908,-2.911053861754418,True,True,True,True,True,True,1.3764706132669793,True,True,0.6086994027945181,True,True,False,True,True,True,True,False,True,5.08,False,other,-0.6086994027945181,-0.5944296215256599,1.2219390495958105,-0.015009380863039413,0.6842858677736523,1.5152044214988032,False,starter_short_signal_unfavorable
2022-07-01 20:00:00+00:00,5.37,5.45,5.3,5.35,273599.36,5.4261094193225485,5.581349233186117,6.622090441058245,0.1904411459932622,0.20261614521099078,42.92086606039968,5.56,5.08,17.027660314024768,17.281197526871914,22.41414275372528,40.79171847468947,False,True,21.390816718156053,False,True,False,True,False,True,True,True,1.2148069787098554,True,True,True,0.3996479800916638,True,False,True,False,True,False,True,False,True,False,False,False,True,False,True,False,False,0.9399110115087307,-0.2535372128471458,0.0,other,False,Short1,True,False,5.37,5.45,5.3,5.35,273599.36,5.4261094193225485,5.581349233186117,6.622090441058245,0.1904411459932622,0.20261614521099078,0.9399110115087307,42.92086606039968,17.027660314024768,17.281197526871914,22.41414275372528,-0.2535372128471458,True,True,True,True,True,True,1.2148069787098554,True,True,0.3996479800916638,True,True,False,True,True,True,True,False,True,5.08,False,other,-0.3996479800916638,-0.6897103695792921,1.417760844652511,-0.02616822429906553,0.8401545746088928,1.5227801664786256,False,starter_short_signal_unfavorable
2022-07-14 00:00:00+00:00,5.29,5.34,5.25,5.27,584114.8,5.28237757031816,5.404141556286676,6.013498127770337,0.14063639659054494,0.1316550252613759,46.40080254292077,5.32,5.0,15.86535737195405,26.60029732743323,35.4425185363465,40.09405220950416,False,True,19.448515417353693,False,True,False,True,False,True,True,True,0.9538182116342363,True,True,True,0.08801114518169266,True,False,True,False,True,False,True,False,True,False,False,False,True,False,True,False,False,1.0682189784350293,-10.73493995547918,0.0,other,False,Short1,True,False,5.29,5.34,5.25,5.27,584114.8,5.28237757031816,5.404141556286676,6.013498127770337,0.14063639659054494,0.1316550252613759,1.0682189784350293,46.40080254292077,15.86535737195405,26.60029732743323,35.4425185363465,-10.73493995547918,True,True,True,True,True,True,0.9538182116342363,True,True,0.08801114518169266,True,True,False,True,True,True,True,False,True,5.0,False,other,-0.08801114518169266,-0.4560807717039358,1.9198444111597197,-0.10056925996204939,0.7821588341761793,5.048479747864462,False,starter_short_signal_unfavorable
2022-07-14 04:00:00+00:00,5.27,5.3,5.2,5.22,358445.52,5.276436849335479,5.396920318785239,6.005602624011428,0.13773379683407744,0.13225109488556333,43.454022565990954,5.34,5.0,15.042581961465945,27.813802924587595,35.03948454260283,40.09405220950416,False,True,19.448515417353693,False,True,False,True,False,True,True,True,1.2845091244988194,True,True,True,0.40975309352334394,True,False,True,False,True,False,True,False,True,False,True,False,True,False,True,False,False,1.0414567603637481,-12.77122096312165,0.0,other,False,Short1,True,False,5.27,5.3,5.2,5.22,358445.52,5.276436849335479,5.396920318785239,6.005602624011428,0.13773379683407744,0.13225109488556333,1.0414567603637481,43.454022565990954,15.042581961465945,27.813802924587595,35.03948454260283,-12.77122096312165,True,True,True,True,True,True,1.2845091244988194,True,True,0.40975309352334394,True,True,False,True,True,True,True,True,True,5.0,False,other,-0.40975309352334394,-0.7036785524906072,1.5972840730225801,-0.1302681992337166,0.43562292900615585,5.517890434078015,False,starter_short_signal_unfavorable
2022-07-15 20:00:00+00:00,5.34,5.38,5.2,5.23,455184.51,5.313551374060187,5.376509965023035,5.941721716036397,0.12635813702840865,0.1332617721534371,42.80248366845223,5.46,5.16,16.571766006786405,24.331557491996715,21.696425341373846,40.09405220950416,False,True,19.3083311843452,False,True,False,True,False,True,True,True,1.1594818384359016,True,True,True,0.6612267007498042,True,False,True,False,True,False,True,False,True,False,True,False,True,False,True,False,False,0.9481949323240304,-7.759791485210311,0.0,other,False,Short1,True,False,5.34,5.38,5.2,5.23,455184.51,5.313551374060187,5.376509965023035,5.941721716036397,0.12635813702840865,0.1332617721534371,0.9481949323240304,42.80248366845223,16.571766006786405,24.331557491996715,21.696425341373846,-7.759791485210311,True,True,True,True,True,True,1.1594818384359016,True,True,0.6612267007498042,True,True,False,True,True,True,True,True,True,5.16,False,other,-0.6612267007498042,0.02762018386026061,0.5539809437382132,-0.15487571701720831,0.5539809437382132,8.230574021253414,False,starter_short_signal_unfavorable
2022-08-31 12:00:00+00:00,5.82,5.88,5.69,5.8,506577.02,5.838663900460543,6.061905511970575,6.8197470120806845,0.16414506796261083,0.16442148628481376,45.400606608233105,6.11,5.57,15.783744675070894,25.78938067365388,26.07056386605112,37.86757616090341,False,True,14.681677404960935,False,True,False,True,False,True,True,True,1.5955734474473033,True,True,True,0.23554713486335174,True,False,True,False,True,False,True,False,True,False,False,False,True,False,True,False,False,0.9983188430633444,-10.005635998582987,0.0,other,True,flat,False,False,5.82,5.88,5.69,5.8,506577.02,5.838663900460543,6.061905511970575,6.8197470120806845,0.16414506796261083,0.16442148628481376,0.9983188430633444,45.400606608233105,15.783744675070894,25.78938067365388,26.07056386605112,-10.005635998582987,True,True,True,True,True,True,1.5955734474473033,True,True,0.23554713486335174,True,True,False,True,True,True,True,False,True,5.57,False,other,-0.23554713486335174,-1.108199681101655,1.4011995782437352,-0.07068965517241382,1.2793561366573258,6.0921720793206,False,starter_short_signal_unfavorable
2022-09-08 04:00:00+00:00,5.86,5.92,5.72,5.8,816488.87,5.901390031976499,5.980749959331874,6.510358687178126,0.17846907022935954,0.19001792457565958,44.15691370730213,6.27,5.52,19.41861024588165,23.62353362844919,18.694119057114534,37.54680425880487,False,True,14.011618209792216,False,True,False,True,False,True,True,True,1.0127803047305797,True,True,True,0.5681098234343782,True,False,True,False,True,False,True,False,True,False,True,False,True,False,True,False,False,0.9392222898334961,-4.204923382567543,0.0,other,True,flat,False,False,5.86,5.92,5.72,5.8,816488.87,5.901390031976499,5.980749959331874,6.510358687178126,0.17846907022935954,0.19001792457565958,0.9392222898334961,44.15691370730213,19.41861024588165,23.62353362844919,18.694119057114534,-4.204923382567543,True,True,True,True,True,True,1.0127803047305797,True,True,0.5681098234343782,True,True,False,True,True,True,True,True,True,5.52,False,other,-0.5681098234343782,-0.34039488889475955,1.5688993036169137,-0.12413793103448272,0.560321179863181,6.667822040371879,False,starter_short_signal_unfavorable
2022-10-05 08:00:00+00:00,5.56,5.58,5.47,5.49,369324.35,5.555880296660857,5.598156603884039,5.850439885763127,0.10399588410347423,0.11384873494679379,41.68134418509496,5.66,5.47,13.277182235995907,21.705430439359866,23.293294957546106,36.30625676297596,False,True,12.054415178742355,False,True,False,True,False,True,True,True,1.0400085043406606,True,True,True,0.633489461903193,True,False,True,False,True,False,True,False,True,False,True,False,True,False,True,False,False,0.913456650634509,-8.428248203363959,0.0,other,True,flat,False,False,5.56,5.58,5.47,5.49,369324.35,5.555880296660857,5.598156603884039,5.850439885763127,0.10399588410347423,0.11384873494679379,0.913456650634509,41.68134418509496,13.277182235995907,21.705430439359866,23.293294957546106,-8.428248203363959,True,True,True,True,True,True,1.0400085043406606,True,True,0.633489461903193,True,True,False,True,True,True,True,True,True,5.47,False,other,-0.633489461903193,-0.1745896392012354,0.19231530336432145,0.01092896174863397,1.3462071235502246,1.5385224269145374,True,starter_short_signal_favorable
2022-10-06 16:00:00+00:00,5.55,5.59,5.52,5.54,301839.62,5.562889996396257,5.590132519014917,5.828786128293821,0.0952198632246529,0.105055651670374,46.68516586770962,5.66,5.43,16.093456922462302,19.523658430500028,16.340075443411102,36.30625676297596,False,True,11.989993137162829,False,True,False,True,False,True,True,True,0.5264922392992614,True,True,True,0.24039098168260006,True,False,True,False,True,False,True,False,True,False,False,False,True,False,True,False,False,0.9063754468290559,-3.430201508037726,0.0,other,False,Short1,True,False,5.55,5.59,5.52,5.54,301839.62,5.562889996396257,5.590132519014917,5.828786128293821,0.0952198632246529,0.105055651670374,0.9063754468290559,46.68516586770962,16.093456922462302,19.523658430500028,16.340075443411102,-3.430201508037726,True,True,True,True,True,True,0.5264922392992614,True,True,0.24039098168260006,True,True,False,True,True,True,True,False,True,5.43,False,other,-0.24039098168260006,-0.0013917160813853738,1.1552211510793347,0.04512635379061372,3.2556232439508386,0.21004020928714665,True,starter_short_signal_favorable
2022-10-06 20:00:00+00:00,5.54,5.56,5.46,5.48,238643.56,5.554995711025185,5.585813596700606,5.825315619554579,0.0955613015657491,0.10383739083677586,40.781883002565614,5.65,5.43,14.89052998605194,22.549116652178864,16.634057186230223,36.30625676297596,False,True,11.989993137162829,False,True,False,True,False,True,True,True,1.1072850093801072,True,True,True,0.7847916446971531,True,False,True,False,True,False,True,False,True,False,True,False,True,False,True,False,False,0.920297599888309,-7.658586666126924,0.0,other,False,Short1,True,False,5.54,5.56,5.46,5.48,238643.56,5.554995711025185,5.585813596700606,5.825315619554579,0.0955613015657491,0.10383739083677586,0.920297599888309,40.781883002565614,14.89052998605194,22.549116652178864,16.634057186230223,-7.658586666126924,True,True,True,True,True,True,1.1072850093801072,True,True,0.7847916446971531,True,True,False,True,True,True,True,True,True,5.43,False,other,-0.7847916446971531,-0.27012604765377773,0.5232243510789687,0.05839416058394165,3.976505068200114,0.5232243510789594,True,starter_short_signal_favorable
2022-10-14 12:00:00+00:00,5.17,5.25,5.07,5.07,671620.97,5.146399123440319,5.265459477309467,5.616141752804762,0.12555948391487629,0.10050994661900237,42.70290681606428,5.32,4.72,19.680927640911392,27.62295336409209,32.01189575347919,35.99843331259809,False,True,11.475008645834398,False,True,False,True,False,True,True,True,1.5567081929229647,True,True,True,0.6084695560879648,True,False,True,False,True,False,True,False,True,False,True,False,True,False,True,False,False,1.249224461244894,-7.9420257231806985,0.0,other,False,Short1,True,False,5.17,5.25,5.07,5.07,671620.97,5.146399123440319,5.265459477309467,5.616141752804762,0.12555948391487629,0.10050994661900237,1.249224461244894,42.70290681606428,19.680927640911392,27.62295336409209,32.01189575347919,-7.9420257231806985,True,True,True,True,True,True,1.5567081929229647,True,True,0.6084695560879648,True,True,False,True,True,True,True,True,True,4.72,False,other,-0.6084695560879648,-0.12312472803685805,2.787523403945216,-0.00986193293885598,0.7964352582700648,1.752157568194131,False,starter_short_signal_unfavorable
2022-10-24 12:00:00+00:00,5.04,5.05,4.91,4.97,465319.7,5.009772405131429,5.0514511158311,5.36516632965866,0.09188303362896351,0.08845322866022204,45.55719228614636,5.17,4.92,19.489359147171722,23.31543934849395,21.555934161951285,35.39034671449214,False,True,10.865705855726533,False,True,False,True,False,True,True,True,0.886465244062485,True,True,True,0.43285907703086407,True,False,True,False,True,False,True,False,True,False,True,False,True,False,True,False,False,1.0387753507779403,-3.8260802013222275,0.0,other,False,Short1,True,False,5.04,5.05,4.91,4.97,465319.7,5.009772405131429,5.0514511158311,5.36516632965866,0.09188303362896351,0.08845322866022204,1.0387753507779403,45.55719228614636,19.489359147171722,23.31543934849395,21.555934161951285,-3.8260802013222275,True,True,True,True,True,True,0.886465244062485,True,True,0.43285907703086407,True,True,False,True,True,True,True,True,True,4.92,False,other,-0.43285907703086407,-0.015793077065352327,0.5441701043732055,-0.07042253521126772,0.6530041252478447,5.768203106356001,False,starter_short_signal_unfavorable
2022-12-08 20:00:00+00:00,4.44,4.44,4.38,4.4,451085.5,4.43144730349606,4.446868400648158,4.584357438096158,0.0838496821162114,0.0871955740047421,45.14010076699831,4.6,4.19,14.366300875725987,24.848021334200425,29.722161117762536,33.61155750214934,False,True,8.636139541482484,False,True,False,True,False,True,True,True,0.5589574040745916,True,True,True,0.3750438010304563,True,False,True,False,True,False,True,False,True,False,False,False,True,False,True,False,False,0.9616277325228831,-10.481720458474438,0.0,other,True,flat,False,False,4.44,4.44,4.38,4.4,451085.5,4.43144730349606,4.446868400648158,4.584357438096158,0.0838496821162114,0.0871955740047421,0.9616277325228831,45.14010076699831,14.366300875725987,24.848021334200425,29.722161117762536,-10.481720458474438,True,True,True,True,True,True,0.5589574040745916,True,True,0.3750438010304563,True,True,False,True,True,True,True,False,True,4.19,False,other,-0.3750438010304563,-0.08191325804477037,2.5044817666565584,0.03409090909090917,2.7430038396714744,0.8348272555521792,True,starter_short_signal_favorable
2022-12-29 20:00:00+00:00,3.004,3.011,2.918,2.977,1031044.85,3.0031492576851386,3.0473812593140908,3.659472310392264,0.06665850147159198,0.06531117334430439,46.095653181936704,3.043,2.907,20.713196216444757,22.59541380306529,17.468142647137014,32.735319212442604,False,True,7.6561147343472955,False,True,False,True,False,True,True,True,1.0558482078101539,True,True,True,0.39228691176447844,True,False,True,False,True,False,True,False,True,False,True,False,True,False,True,False,False,1.0206293664360433,-1.8822175866205342,0.0,other,False,Short1,True,False,3.004,3.011,2.918,2.977,1031044.85,3.0031492576851386,3.0473812593140908,3.659472310392264,0.06665850147159198,0.06531117334430439,1.0206293664360433,46.095653181936704,20.713196216444757,22.59541380306529,17.468142647137014,-1.8822175866205342,True,True,True,True,True,True,1.0558482078101539,True,True,0.39228691176447844,True,True,False,True,True,True,True,True,True,2.907,False,other,-0.39228691176447844,-0.5457857364164619,1.0501286175752378,-0.058448102116224365,0.900110243635921,3.660448324119412,False,starter_short_signal_unfavorable
2023-04-03 12:00:00+00:00,5.566,5.601,5.476,5.522,761845.91,5.594026982898797,5.621623633970256,5.819647580715788,0.12694953128480901,0.13578467137528408,44.75092802012343,5.801,5.336,18.512606811030224,26.91650374309547,16.168790685157088,29.159525078878847,False,True,6.388621143127291,False,True,False,True,False,True,True,True,0.7847499156712303,True,True,True,0.5673670644534001,True,False,True,False,True,False,True,False,True,False,False,False,True,False,True,False,False,0.9349327136782889,-8.403896932065244,0.0,other,True,flat,False,False,5.566,5.601,5.476,5.522,761845.91,5.594026982898797,5.621623633970256,5.819647580715788,0.12694953128480901,0.13578467137528408,0.9349327136782889,44.75092802012343,18.512606811030224,26.91650374309547,16.168790685157088,-8.403896932065244,True,True,True,True,True,True,0.7847499156712303,True,True,0.5673670644534001,True,True,False,True,True,True,True,False,True,5.336,False,other,-0.5673670644534001,-0.16245537704261068,1.465149166897767,-0.07044549076421575,1.1579404706127536,3.371418513076583,False,starter_short_signal_unfavorable
2023-04-27 04:00:00+00:00,5.278,5.346,5.218,5.269,750160.27,5.301511507078724,5.442293655545154,5.714483327948145,0.13901046746516388,0.12074690927904208,46.84051262379849,5.55,5.018,20.951324890039775,27.60081563198325,24.564859561544313,28.471524564387238,False,True,6.252875996777276,False,True,False,True,False,True,True,True,1.246623068788556,True,True,True,0.233878122069273,True,False,True,False,True,False,True,False,True,False,False,False,True,False,True,False,False,1.1512548709956238,-6.649490741943474,0.0,other,True,flat,False,False,5.278,5.346,5.218,5.269,750160.27,5.301511507078724,5.442293655545154,5.714483327948145,0.13901046746516388,0.12074690927904208,1.1512548709956238,46.84051262379849,20.951324890039775,27.60081563198325,24.564859561544313,-6.649490741943474,True,True,True,True,True,True,1.246623068788556,True,True,0.233878122069273,True,True,False,True,True,True,True,False,True,5.018,False,other,-0.233878122069273,-0.692707947114023,1.805619422601403,-0.017840197380907252,0.43162217273340614,2.8918685573137983,False,starter_short_signal_unfavorable
2023-05-06 00:00:00+00:00,5.264,5.295,5.196,5.208,744520.78,5.272649401432966,5.326503263620285,5.560886267670133,0.07824955723870433,0.08097874641136966,39.00103317899384,5.362,5.1,17.871642705707124,29.055859980527686,19.433387850550787,28.240653673199308,False,True,6.176827224096408,False,True,False,True,False,True,True,True,1.5144272734832842,True,True,True,0.8261951085007396,True,False,True,False,True,False,True,False,True,False,True,False,True,False,True,False,False,0.9662974633022703,-11.184217274820561,0.0,other,False,Short1,True,False,5.264,5.295,5.196,5.208,744520.78,5.272649401432966,5.326503263620285,5.560886267670133,0.07824955723870433,0.08097874641136966,0.9662974633022703,39.00103317899384,17.871642705707124,29.055859980527686,19.433387850550787,-11.184217274820561,True,True,True,True,True,True,1.5144272734832842,True,True,0.8261951085007396,True,True,False,True,True,True,True,True,True,5.1,False,other,-0.8261951085007396,-0.40259989617811,1.3801995028616065,0.1292242703533026,11.194951523210756,0.16613512534445052,True,starter_short_signal_favorable
2023-05-17 04:00:00+00:00,4.464,4.486,4.403,4.415,564918.46,4.439108797551467,4.530975549197341,5.063610351140715,0.08043196674412822,0.08498959822997379,46.009518142930354,4.527,4.372,13.785936570883116,16.836686775640867,27.761192289474394,27.784860674546813,False,True,6.008759400901914,False,True,False,True,False,True,True,True,1.4419086576147564,True,True,True,0.2997414899496621,True,False,True,False,True,False,True,False,True,False,False,False,True,False,True,False,False,0.946374243663171,-3.050750204757751,0.0,other,False,Short1,True,False,4.464,4.486,4.403,4.415,564918.46,4.439108797551467,4.530975549197341,5.063610351140715,0.08043196674412822,0.08498959822997379,0.946374243663171,46.009518142930354,13.785936570883116,16.836686775640867,27.761192289474394,-3.050750204757751,True,True,True,True,True,True,1.4419086576147564,True,True,0.2997414899496621,True,True,False,True,True,True,True,False,True,4.372,False,other,-0.2997414899496621,-0.559175052133414,0.5346133103619436,-0.019026047565118828,0.42271750121641666,3.1952469944888104,False,starter_short_signal_unfavorable
2023-05-24 12:00:00+00:00,4.446,4.458,4.335,4.4,1230700.93,4.454097995267964,4.473023155523351,4.851468308103466,0.0634525731960332,0.0591641934875994,41.953207809996,4.528,4.395,13.552566566131537,28.51731121359001,17.25243551819003,27.552673006143365,False,True,5.904971474898029,False,True,False,True,False,True,True,True,1.1508304840175625,True,True,True,0.8525737025798924,True,False,True,False,True,False,True,False,True,False,True,False,True,False,True,False,False,1.0724826868354527,-14.964744647458472,0.0,other,False,Short1,True,False,4.446,4.458,4.335,4.4,1230700.93,4.454097995267964,4.473023155523351,4.851468308103466,0.0634525731960332,0.0591641934875994,1.0724826868354527,41.953207809996,13.552566566131537,28.51731121359001,17.25243551819003,-14.964744647458472,True,True,True,True,True,True,1.1508304840175625,True,True,0.8525737025798924,True,True,False,True,True,True,True,True,True,4.395,False,other,-0.8525737025798924,-0.23676195884030846,0.07879901079115514,-0.030909090909090733,1.0559067446013164,2.7106859712153084,False,starter_short_signal_unfavorable
2023-05-25 00:00:00+00:00,4.46,4.476,4.333,4.408,744736.51,4.448181638002695,4.468352694093273,4.839069060205258,0.07210871111941865,0.060668178969481026,44.280277670447305,4.528,4.335,14.975261594369659,28.016212597008007,19.13848678177774,27.552673006143365,False,True,5.890593649277154,False,True,False,True,False,True,True,True,0.836968143742342,True,True,True,0.5572369465341048,True,False,True,False,True,False,True,False,True,False,True,False,True,False,True,False,False,1.188575499450754,-13.040951002638348,0.0,other,False,Short1,True,False,4.46,4.476,4.333,4.408,744736.51,4.448181638002695,4.468352694093273,4.839069060205258,0.07210871111941865,0.060668178969481026,1.188575499450754,44.280277670447305,14.975261594369659,28.016212597008007,19.13848678177774,-13.040951002638348,True,True,True,True,True,True,0.836968143742342,True,True,0.5572369465341048,True,True,False,True,True,True,True,True,True,4.335,False,other,-0.5572369465341048,0.10605245591011021,1.0123603496269085,-0.05626134301270402,0.4992461998160135,4.340668348400278,False,starter_short_signal_unfavorable
2023-05-25 12:00:00+00:00,4.427,4.458,4.4,4.409,453420.91,4.439250173313949,4.462172197023615,4.826496705697584,0.06537348335618175,0.061605298540798034,44.84792294885957,4.528,4.333,16.50319767308989,24.742380460870613,20.630357786538493,27.552673006143365,False,True,5.890593649277154,False,True,False,True,False,True,True,True,0.813360315128247,True,True,True,0.46272849113965797,True,False,True,False,True,False,True,False,True,False,False,False,True,False,True,False,False,1.0611665701593547,-8.239182787780724,0.0,other,False,Short1,True,False,4.427,4.458,4.4,4.409,453420.91,4.439250173313949,4.462172197023615,4.826496705697584,0.06537348335618175,0.061605298540798034,1.0611665701593547,44.84792294885957,16.50319767308989,24.742380460870613,20.630357786538493,-8.239182787780724,True,True,True,True,True,True,0.813360315128247,True,True,0.46272849113965797,True,True,False,True,True,True,True,False,True,4.333,False,other,-0.46272849113965797,-0.06382093793110225,1.1625508707547405,-0.04309367203447503,0.5659787133937568,4.772577258887909,False,starter_short_signal_unfavorable
2023-09-12 04:00:00+00:00,3.121,3.136,3.085,3.115,409105.26,3.1226947050595446,3.1777840308786462,3.45394146104833,0.06401784139998215,0.05116974395537925,46.33665605256036,3.147,2.95,16.906876389595755,30.738240906774468,40.3640617463292,24.0769743312798,False,True,4.5581906009994055,False,True,False,True,False,True,True,True,0.9807270833512287,True,True,True,0.12019625921886425,True,False,True,False,True,False,True,False,True,False,False,False,True,False,True,False,False,1.2510877806190828,-13.831364517178713,0.0,other,True,flat,False,False,3.121,3.136,3.085,3.115,409105.26,3.1226947050595446,3.1777840308786462,3.45394146104833,0.06401784139998215,0.05116974395537925,1.2510877806190828,46.33665605256036,16.906876389595755,30.738240906774468,40.3640617463292,-13.831364517178713,True,True,True,True,True,True,0.9807270833512287,True,True,0.12019625921886425,True,True,False,True,True,True,True,False,True,2.95,False,other,-0.12019625921886425,-0.6526935298799028,2.57740649156043,-0.082182985553772,0.5935845253290726,5.389122664171803,False,starter_short_signal_unfavorable
2023-09-12 16:00:00+00:00,3.136,3.177,3.085,3.11,708324.05,3.123825394882131,3.1721113104977863,3.4443055936372216,0.06677230231623935,0.054702706803924264,45.669568447237694,3.199,2.95,18.789131668606544,26.37683167744569,34.96825153785921,24.0769743312798,False,True,4.5581906009994055,False,True,False,True,False,True,True,True,0.9301957300142492,True,True,True,0.2070528408119423,True,False,True,False,True,False,True,False,True,False,True,False,True,False,True,False,False,1.2206398223688857,-7.587700008839146,0.0,other,False,Short1,True,False,3.136,3.177,3.085,3.11,708324.05,3.123825394882131,3.1721113104977863,3.4443055936372216,0.06677230231623935,0.054702706803924264,1.2206398223688857,45.669568447237694,18.789131668606544,26.37683167744569,34.96825153785921,-7.587700008839146,True,True,True,True,True,True,0.9301957300142492,True,True,0.2070528408119423,True,True,False,True,True,True,True,True,True,2.95,False,other,-0.2070528408119423,0.073214331880613,2.3962031328832425,-0.06688102893890681,0.49421689615716846,5.241694353182104,False,starter_short_signal_unfavorable
2023-09-25 16:00:00+00:00,3.231,3.246,3.187,3.208,511709.87,3.232046586267405,3.2550410432756234,3.3519922316094317,0.04663123623094012,0.04665468588352088,42.58710903579012,3.268,3.165,11.001563882884142,16.591391595388615,22.325637015880602,23.66400565562762,False,True,4.400809087153997,False,True,False,True,False,True,True,True,1.0087882517772746,True,True,True,0.5156755044690317,True,False,True,False,True,False,True,False,True,False,False,False,True,False,True,False,False,0.9994973784061196,-5.589827712504473,0.0,other,False,Short1,True,False,3.231,3.246,3.187,3.208,511709.87,3.232046586267405,3.2550410432756234,3.3519922316094317,0.04663123623094012,0.04665468588352088,0.9994973784061196,42.58710903579012,11.001563882884142,16.591391595388615,22.325637015880602,-5.589827712504473,True,True,True,True,True,True,1.0087882517772746,True,True,0.5156755044690317,True,True,False,True,True,True,True,False,True,3.165,False,other,-0.5156755044690317,-0.19388384281402762,0.9221286733005242,-0.04738154613466324,2.251709551082667,3.495511017394994,False,starter_short_signal_unfavorable
2023-09-27 16:00:00+00:00,3.209,3.218,3.172,3.201,211154.27,3.214054498986786,3.236095215734913,3.335364639202243,0.046960241333689555,0.04317944331489742,46.32706717048697,3.283,3.103,17.845648855221004,19.38463802388127,20.56114917718881,23.66400565562762,False,True,4.37685108438864,False,True,False,True,False,True,True,True,0.7473389134764865,True,True,True,0.27799045780074894,True,False,True,False,True,False,True,False,True,False,False,False,True,False,True,False,False,1.0875601380781978,-1.5389891686602652,0.0,other,False,Short1,True,False,3.209,3.218,3.172,3.201,211154.27,3.214054498986786,3.236095215734913,3.335364639202243,0.046960241333689555,0.04317944331489742,1.0875601380781978,46.32706717048697,17.845648855221004,19.38463802388127,20.56114917718881,-1.5389891686602652,True,True,True,True,True,True,0.7473389134764865,True,True,0.27799045780074894,True,True,False,True,True,True,True,False,True,3.103,False,other,-0.27799045780074894,-0.3853305524205563,2.086871728440077,-0.04654795376444862,0.36200836105593015,4.876465569518148,False,starter_short_signal_unfavorable
2024-04-28 20:00:00+00:00,6.09,6.096,5.861,5.899,815904.46,5.989252927129399,6.135469993537173,7.145528888351559,0.1528586829369249,0.16481831771239,43.85021018302945,6.128,5.667,18.25883420949552,27.284842650948228,23.732875684062908,18.98144421646162,False,True,6.557066954570786,False,True,False,True,False,True,True,True,1.5469843714062956,True,True,True,0.5904337614019627,True,False,True,False,True,False,True,False,True,False,True,False,True,False,True,False,False,0.9274374660446734,-9.026008441452706,0.0,other,True,flat,False,False,6.09,6.096,5.861,5.899,815904.46,5.989252927129399,6.135469993537173,7.145528888351559,0.1528586829369249,0.16481831771239,0.9274374660446734,43.85021018302945,18.25883420949552,27.284842650948228,23.732875684062908,-9.026008441452706,True,True,True,True,True,True,1.5469843714062956,True,True,0.5904337614019627,True,True,False,True,True,True,True,True,True,5.667,False,other,-0.5904337614019627,-0.25821230942739265,1.5177417176604349,-0.0049160874724529435,4.546683162818973,0.8439167309404968,False,starter_short_signal_unfavorable
2024-04-29 12:00:00+00:00,5.908,5.957,5.722,5.852,2118647.91,5.9421697991908236,6.092499683041656,7.094496187934019,0.16342843719704053,0.16113356862202138,43.397711051970006,6.128,5.733,15.36295974059523,23.65448675921691,24.018799474479035,18.98144421646162,False,True,6.550519024674559,False,True,False,True,False,True,True,True,1.4715901783463365,True,True,True,0.5517387349308637,True,False,True,False,True,False,True,False,True,False,False,False,True,False,True,False,False,1.0142420266282461,-8.291527018621679,0.0,other,False,Short1,True,False,5.908,5.957,5.722,5.852,2118647.91,5.9421697991908236,6.092499683041656,7.094496187934019,0.16342843719704053,0.16113356862202138,1.0142420266282461,43.397711051970006,15.36295974059523,23.65448675921691,24.018799474479035,-8.291527018621679,True,True,True,True,True,True,1.4715901783463365,True,True,0.5517387349308637,True,True,False,True,True,True,True,False,True,5.733,False,other,-0.5517387349308637,-0.8291071331624414,0.7281474512084216,-0.03417634996582353,3.9650382217063442,1.548078194585964,False,starter_short_signal_unfavorable
2024-04-30 04:00:00+00:00,5.906,5.927,5.846,5.879,633470.98,5.922394148530434,6.06123603885505,7.046892843973941,0.1584884317676143,0.16011768542829952,45.66277804692822,6.128,5.722,17.11963826737634,18.134469507304285,19.792537935035305,18.98144421646162,False,True,6.544225303036006,False,True,False,True,False,True,True,True,1.14983811009157,True,True,True,0.27380010040140695,True,False,True,False,True,False,True,False,True,False,False,False,True,False,True,False,False,0.9898246489366422,-1.0148312399279433,0.0,other,False,Short1,True,False,5.906,5.927,5.846,5.879,633470.98,5.922394148530434,6.06123603885505,7.046892843973941,0.1584884317676143,0.16011768542829952,0.9898246489366422,45.66277804692822,17.11963826737634,18.134469507304285,19.792537935035305,-1.0148312399279433,True,True,True,True,True,True,1.14983811009157,True,True,0.27380010040140695,True,True,False,True,True,True,True,False,True,5.722,False,other,-0.27380010040140695,-0.8469768888361242,0.9906085778563474,-0.02483415546861725,4.2589859239047,1.6468078905764854,False,starter_short_signal_unfavorable
2024-05-02 00:00:00+00:00,5.717,5.729,5.548,5.645,724643.69,5.671586717957415,5.8766080184783265,6.890082050220426,0.1939007779947429,0.17016557235926436,46.59718918026052,5.899,5.204,21.077898936835886,22.580584313783366,22.042600285397356,18.98144421646162,False,True,6.526948546459962,False,True,False,True,False,True,True,True,1.1944666796778214,True,True,True,0.1371150659237485,True,False,True,False,True,False,True,False,True,False,False,False,True,False,True,False,False,1.1394830065000885,-1.502685376947479,0.0,other,False,Short1,True,False,5.717,5.729,5.548,5.645,724643.69,5.671586717957415,5.8766080184783265,6.890082050220426,0.1939007779947429,0.17016557235926436,1.1394830065000885,46.59718918026052,21.077898936835886,22.580584313783366,22.042600285397356,-1.502685376947479,True,True,True,True,True,True,1.1944666796778214,True,True,0.1371150659237485,True,True,False,True,True,True,True,False,True,5.204,False,other,-0.1371150659237485,-0.7612554214832928,2.2743591055212597,-0.09282550930026573,0.195976521564187,3.3883309123071843,False,starter_short_signal_unfavorable
2024-05-02 04:00:00+00:00,5.645,5.69,5.607,5.631,598248.87,5.667721316247185,5.866976331479177,6.877553870616243,0.18597929385226128,0.17182160290503118,46.04711856694832,5.779,5.204,20.405986344724912,21.860769735341695,20.713979497732993,18.98144421646162,False,True,6.526948546459962,False,True,False,True,False,True,True,True,1.2688312047610635,True,True,True,0.19744841206008484,True,False,True,False,True,False,True,False,True,False,False,False,True,False,True,False,False,1.082397618855036,-1.4547833906167824,0.0,other,False,Short1,True,False,5.645,5.69,5.607,5.631,598248.87,5.667721316247185,5.866976331479177,6.877553870616243,0.18597929385226128,0.17182160290503118,1.082397618855036,46.04711856694832,20.405986344724912,21.860769735341695,20.713979497732993,-1.4547833906167824,True,True,True,True,True,True,1.2688312047610635,True,True,0.19744841206008484,True,True,False,True,True,True,True,False,True,5.204,False,other,-0.19744841206008484,-0.9515915875009359,2.2959545181368517,-0.12182560824009943,0.06452331198511296,3.7423520951364084,False,starter_short_signal_unfavorable
2024-05-13 16:00:00+00:00,5.666,5.713,5.523,5.593,1312010.24,5.6512540211626865,5.751852407647349,6.355838224634966,0.11867245132760451,0.10981411894389607,44.13671648909152,5.712,5.366,11.781550547209038,27.392229045964523,29.749829048074044,18.724919690505107,False,True,6.456794221255983,False,True,False,True,False,True,True,True,1.3385786327849991,True,True,True,0.4908807436855903,True,False,True,False,True,False,True,False,True,False,True,False,True,False,True,False,False,1.0806666070711195,-15.610678498755485,0.0,other,False,Short1,True,False,5.666,5.713,5.523,5.593,1312010.24,5.6512540211626865,5.751852407647349,6.355838224634966,0.11867245132760451,0.10981411894389607,1.0806666070711195,44.13671648909152,11.781550547209038,27.392229045964523,29.749829048074044,-15.610678498755485,True,True,True,True,True,True,1.3385786327849991,True,True,0.4908807436855903,True,True,False,True,True,True,True,True,True,5.366,False,other,-0.4908807436855903,-0.32739197018939137,1.9128281034100256,-0.05238691221169321,2.6375118782702054,3.336915986565502,False,starter_short_signal_unfavorable
2024-06-28 20:00:00+00:00,4.462,4.477,4.38,4.383,471815.24,4.443251025466205,4.488464798003405,5.112056339070804,0.08859324208284296,0.09695865124378807,44.43738431357878,4.582,4.283,19.68092397759317,21.68731007025074,20.314211480611778,17.96626673681186,False,True,6.068236378229041,False,True,False,True,False,True,True,True,1.1904384073086036,True,True,True,0.6800860206680873,True,False,True,False,True,False,True,False,True,False,True,False,True,False,True,False,False,0.9137218901703621,-2.006386092657568,0.0,other,True,flat,False,False,4.462,4.477,4.38,4.383,471815.24,4.443251025466205,4.488464798003405,5.112056339070804,0.08859324208284296,0.09695865124378807,0.9137218901703621,44.43738431357878,19.68092397759317,21.68731007025074,20.314211480611778,-2.006386092657568,True,True,True,True,True,True,1.1904384073086036,True,True,0.6800860206680873,True,True,False,True,True,True,True,True,True,4.283,False,other,-0.6800860206680873,-0.12940939662964557,1.128754266679735,-0.007985398129135329,0.9368660413441855,1.9978950520231336,False,starter_short_signal_unfavorable
2024-07-08 12:00:00+00:00,3.894,3.903,3.65,3.748,2888248.62,3.776902105973566,3.9488191386132145,4.629528504822151,0.15098758227462322,0.1378076798338323,46.91814456475317,4.019,3.451,24.443752143715777,30.463521530994207,31.315571349007858,17.697336972958254,False,True,5.880151792310441,False,True,False,True,False,True,True,True,1.3300374480330122,True,True,True,0.19142041708434945,True,False,True,False,True,False,True,False,True,False,False,False,True,False,True,False,False,1.0956398254196222,-6.01976938727843,0.0,other,False,Short1,True,False,3.894,3.903,3.65,3.748,2888248.62,3.776902105973566,3.9488191386132145,4.629528504822151,0.15098758227462322,0.1378076798338323,1.0956398254196222,46.91814456475317,24.443752143715777,30.463521530994207,31.315571349007858,-6.01976938727843,True,True,True,True,True,True,1.3300374480330122,True,True,0.19142041708434945,True,True,False,True,True,True,True,False,True,3.451,False,other,-0.19142041708434945,-0.30346295982060656,1.9670491806392578,-0.07043756670224102,0.2582993873566711,3.2188077501369645,False,starter_short_signal_unfavorable
2024-08-16 20:00:00+00:00,3.545,3.575,3.488,3.5,460670.31,3.5709639879530237,3.6299589344211025,3.95815753175485,0.09408415112751035,0.09474357182729695,43.134380622348594,3.678,3.408,16.01800205878159,25.704953829274007,18.543050137337318,17.035775693255978,False,True,5.291121106677345,False,True,False,True,False,True,True,True,1.3813052768576484,True,True,True,0.7542608091010744,True,False,True,False,True,False,True,False,True,False,False,False,True,False,True,False,False,0.9930399425832434,-9.686951770492417,0.0,other,True,flat,False,False,3.545,3.575,3.488,3.5,460670.31,3.5709639879530237,3.6299589344211025,3.95815753175485,0.09408415112751035,0.09474357182729695,0.9930399425832434,43.134380622348594,16.01800205878159,25.704953829274007,18.543050137337318,-9.686951770492417,True,True,True,True,True,True,1.3813052768576484,True,True,0.7542608091010744,True,True,False,True,True,True,True,False,True,3.408,False,other,-0.7542608091010744,-0.5841465726423741,0.9778480105040682,-0.04342857142857147,0.15943174084305578,2.1789004581884117,False,starter_short_signal_unfavorable
2024-09-07 08:00:00+00:00,3.339,3.36,3.33,3.331,438021.82,3.349187842372088,3.450197507481579,3.7117622706089595,0.07865744631999094,0.08554085756873746,45.15175462683468,3.417,3.144,14.364655138969871,27.360586429862177,39.56250618910797,16.6426623219756,False,True,4.968484538465492,False,True,False,True,False,True,True,True,1.515400169446957,True,True,True,0.23122848786747077,True,False,True,False,True,False,True,False,True,False,False,False,True,False,True,False,False,0.919530719653877,-12.995931290892306,0.0,other,True,flat,False,False,3.339,3.36,3.33,3.331,438021.82,3.349187842372088,3.450197507481579,3.7117622706089595,0.07865744631999094,0.08554085756873746,0.919530719653877,45.15175462683468,14.364655138969871,27.360586429862177,39.56250618910797,-12.995931290892306,True,True,True,True,True,True,1.515400169446957,True,True,0.23122848786747077,True,True,False,True,True,True,True,False,True,3.144,False,other,-0.23122848786747077,-1.1467128886264824,2.377397293566514,-0.06784749324527169,0.15256025413261082,4.602234333000423,False,starter_short_signal_unfavorable
2024-09-17 16:00:00+00:00,3.516,3.523,3.424,3.452,559265.89,3.5027125570208044,3.5343107609177826,3.636091794075569,0.06639612243207607,0.061874763966961,42.024107410585074,3.532,3.36,15.139745709746185,19.36676205694666,32.28381648175775,16.38012342794871,False,True,4.833759362944432,False,True,False,True,False,True,True,True,1.2396922877836343,True,True,True,0.763787931632362,True,False,True,False,True,False,True,False,True,False,False,False,True,False,True,False,False,1.0730727387910413,-4.227016347200474,0.0,other,False,Short1,True,False,3.516,3.523,3.424,3.452,559265.89,3.5027125570208044,3.5343107609177826,3.636091794075569,0.06639612243207607,0.061874763966961,1.0730727387910413,42.024107410585074,15.139745709746185,19.36676205694666,32.28381648175775,-4.227016347200474,True,True,True,True,True,True,1.2396922877836343,True,True,0.763787931632362,True,True,False,True,True,True,True,False,True,3.36,False,other,-0.763787931632362,-0.17035273301318943,1.3856230850546587,-0.10486674391657014,1.3253786030957606,6.295548364704859,False,starter_short_signal_unfavorable
2024-09-18 04:00:00+00:00,3.496,3.5,3.466,3.486,391730.26,3.497524395703023,3.528427488003982,3.6315398163633623,0.0624253939443408,0.062151004531856194,46.66788053567479,3.532,3.36,16.186489343265404,16.492420224833726,26.731651897975386,16.38012342794871,False,True,4.820129916546976,False,True,False,True,False,True,True,True,0.679651105474969,True,True,True,0.18461070046747588,True,False,True,False,True,False,True,False,True,False,False,False,True,False,True,False,False,1.004414882986227,-0.3059308815683224,0.0,other,False,Short1,True,False,3.496,3.5,3.466,3.486,391730.26,3.497524395703023,3.528427488003982,3.6315398163633623,0.0624253939443408,0.062151004531856194,1.004414882986227,46.66788053567479,16.186489343265404,16.492420224833726,26.731651897975386,-0.3059308815683224,True,True,True,True,True,True,0.679651105474969,True,True,0.18461070046747588,True,True,False,True,True,True,True,False,True,3.36,False,other,-0.18461070046747588,-0.4553833978096822,2.018409368987617,-0.0783132530120481,1.9543328810832483,6.3756105464846735,False,starter_short_signal_unfavorable
2024-10-08 12:00:00+00:00,3.727,3.743,3.392,3.645,1994723.02,3.698728534458653,3.719805508855121,3.738887707728027,0.0988351724740373,0.07715536237244484,45.12823533678909,3.813,3.644,10.181125616158594,35.03850779148702,22.880699272477294,16.006926177282832,False,True,4.633650768378542,False,True,False,True,False,True,True,True,0.756871334187954,True,True,True,0.5436175514619218,True,False,True,False,True,False,True,False,True,False,True,False,True,False,True,False,False,1.2809890257133332,-24.857382175328425,0.0,other,True,flat,False,False,3.727,3.743,3.392,3.645,1994723.02,3.698728534458653,3.719805508855121,3.738887707728027,0.0988351724740373,0.07715536237244484,1.2809890257133332,45.12823533678909,10.181125616158594,35.03850779148702,22.880699272477294,-24.857382175328425,True,True,True,True,True,True,0.756871334187954,True,True,0.5436175514619218,True,True,False,True,True,True,True,True,True,3.644,False,other,-0.5436175514619218,0.23467851134647025,0.010117855566676699,0.0038408779149520533,2.134867524569017,0.3237713781336903,True,starter_short_signal_favorable
2024-11-05 16:00:00+00:00,3.393,3.432,3.332,3.345,690772.21,3.3720810754347683,3.4583821807566792,3.6098420590304867,0.07392618690065056,0.07172681467749734,44.36495854498194,3.433,3.2,16.961346513553877,23.338561025475332,33.03684546838158,15.524537848398033,False,True,4.3875891639199365,False,True,False,True,False,True,True,True,1.5337214796301266,True,True,True,0.36632587950413825,True,False,True,False,True,False,True,False,True,False,False,False,True,False,True,False,False,1.0306631799145436,-6.377214511921455,0.0,other,True,flat,False,False,3.393,3.432,3.332,3.345,690772.21,3.3720810754347683,3.4583821807566792,3.6098420590304867,0.07392618690065056,0.07172681467749734,1.0306631799145436,44.36495854498194,16.961346513553877,23.338561025475332,33.03684546838158,-6.377214511921455,True,True,True,True,True,True,1.5337214796301266,True,True,0.36632587950413825,True,True,False,True,True,True,True,False,True,3.2,False,other,-0.36632587950413825,-0.3568719267522121,1.9614159214631968,-0.15934230194319876,0.12174305719427198,8.57612202901839,False,starter_short_signal_unfavorable
2025-02-26 12:00:00+00:00,3.182,3.214,3.073,3.176,2253542.08,3.1868509158545817,3.274562424514345,3.7414694822926324,0.10797849775956847,0.09636347455675029,46.69608770119966,3.222,2.8,14.567070890838767,27.040995404071875,29.271929037104485,13.966438405526807,False,True,4.621520715428354,False,True,False,True,False,True,True,True,0.9127967749080003,True,True,True,0.10049145042509154,True,False,True,False,True,False,True,False,True,False,False,False,True,False,True,False,False,1.1205334620430054,-12.473924513233108,0.0,other,True,flat,False,False,3.182,3.214,3.073,3.176,2253542.08,3.1868509158545817,3.274562424514345,3.7414694822926324,0.10797849775956847,0.09636347455675029,1.1205334620430054,46.69608770119966,14.567070890838767,27.040995404071875,29.271929037104485,-12.473924513233108,True,True,True,True,True,True,0.9127967749080003,True,True,0.10049145042509154,True,True,False,True,True,True,True,False,True,2.8,False,other,-0.10049145042509154,-0.5608748572257137,3.482174764435276,-0.03935768261964735,1.6947818667331274,1.9170483410587793,False,starter_short_signal_unfavorable
2025-03-07 00:00:00+00:00,3.086,3.114,2.908,3.03,3259899.74,3.104191354416771,3.1564357641688954,3.5106782381099078,0.11251890095036236,0.12378214276434807,42.983544906473306,3.202,3.003,13.029434809786887,30.138072379674217,24.803485276150752,13.861429068158381,False,True,4.498838106935132,False,True,False,True,False,True,True,True,1.1236846707618715,True,True,True,0.6593679265450775,True,False,True,False,True,False,True,False,True,False,True,False,True,False,True,False,False,0.9090075388707056,-17.10863756988733,0.0,other,False,Short1,True,False,3.086,3.114,2.908,3.03,3259899.74,3.104191354416771,3.1564357641688954,3.5106782381099078,0.11251890095036236,0.12378214276434807,0.9090075388707056,42.983544906473306,13.029434809786887,30.138072379674217,24.803485276150752,-17.10863756988733,True,True,True,True,True,True,1.1236846707618715,True,True,0.6593679265450775,True,True,False,True,True,True,True,True,True,3.003,False,other,-0.6593679265450775,-0.3771434293302954,0.2399596847458608,0.13531353135313523,5.252450877215011,1.7419295633403444,True,starter_short_signal_favorable
2025-03-08 04:00:00+00:00,3.135,3.164,3.073,3.079,616318.13,3.118623420501394,3.1511411009444084,3.4853201957672404,0.10758011660541267,0.11462012455344547,46.21591330069583,3.226,2.908,14.781660446945052,22.671654450563835,24.455979173490842,13.861429068158381,False,True,4.485088474030305,False,True,False,True,False,True,True,True,0.6705802449444319,True,True,True,0.36831546341157545,True,False,True,False,True,False,True,False,True,False,False,False,True,False,True,False,False,0.9385796519113869,-7.889994003618783,0.0,other,False,Short1,True,False,3.135,3.164,3.073,3.079,616318.13,3.118623420501394,3.1511411009444084,3.4853201957672404,0.10758011660541267,0.11462012455344547,0.9385796519113869,46.21591330069583,14.781660446945052,22.671654450563835,24.455979173490842,-7.889994003618783,True,True,True,True,True,True,0.6705802449444319,True,True,0.36831546341157545,True,True,False,True,True,True,True,False,True,2.908,False,other,-0.36831546341157545,0.11952858447584933,1.5895130568337454,0.10198116271516727,5.949054715635063,0.6506778595225834,True,starter_short_signal_favorable
2025-03-12 12:00:00+00:00,2.794,2.87,2.693,2.759,2583542.86,2.8034900887288745,2.9336508405974153,3.337597703686446,0.11590861611148445,0.1099059302810685,43.68160528195467,2.81,2.439,17.065120991189726,29.107856573595274,37.45876001366798,13.758986987878199,False,True,4.419680283004761,False,True,False,True,False,True,True,True,1.506797738223627,True,True,True,0.38383763193309706,True,False,True,False,True,False,True,False,True,False,False,False,True,False,True,False,False,1.0546165781506507,-12.042735582405548,0.0,other,False,Short1,True,False,2.794,2.87,2.693,2.759,2583542.86,2.8034900887288745,2.9336508405974153,3.337597703686446,0.11590861611148445,0.1099059302810685,1.0546165781506507,43.68160528195467,17.065120991189726,29.107856573595274,37.45876001366798,-12.042735582405548,True,True,True,True,True,True,1.506797738223627,True,True,0.38383763193309706,True,True,False,True,True,True,True,False,True,2.439,False,other,-0.38383763193309706,-0.5491467565810111,2.7607956227534807,-0.033345415005436786,0.8196112005049379,1.9066744769641242,False,starter_short_signal_unfavorable
2025-03-13 00:00:00+00:00,2.788,2.809,2.761,2.774,568614.87,2.7973677268752133,2.9162690951854517,3.321117765800057,0.10237617696681173,0.11150802799836279,45.105660379249365,2.87,2.572,15.469352455898523,27.013901698306356,35.26886825802093,13.758986987878199,False,True,4.403454608547002,False,True,False,True,False,True,True,True,1.3896699349456316,True,True,True,0.22825356022806564,True,False,True,False,True,False,True,False,True,False,False,False,True,False,True,False,False,0.9181058871233456,-11.544549242407832,0.0,other,False,Short1,True,False,2.788,2.809,2.761,2.774,568614.87,2.7973677268752133,2.9162690951854517,3.321117765800057,0.10237617696681173,0.11150802799836279,0.9181058871233456,45.105660379249365,15.469352455898523,27.013901698306356,35.26886825802093,-11.544549242407832,True,True,True,True,True,True,1.3896699349456316,True,True,0.22825356022806564,True,True,False,True,True,True,True,False,True,2.572,False,other,-0.22825356022806564,-1.0477935234896107,1.9731152889747412,-0.04938716654650325,1.0744687217189175,2.012186878855429,False,starter_short_signal_unfavorable
2025-04-02 04:00:00+00:00,2.829,2.834,2.763,2.792,817678.04,2.8236357106346555,2.87241187595132,3.0425411919000966,0.06779206361864476,0.0657659852334493,43.46134254758438,2.945,2.725,15.818249377295242,18.68785122107678,28.402872317735287,13.437574122861836,False,True,4.136870963422812,False,True,False,True,False,True,True,True,1.1861547157446994,True,True,True,0.46665802670675627,True,False,True,False,True,False,True,False,True,False,False,False,True,False,True,False,False,1.0308073904466495,-2.8696018437815383,0.0,other,False,Short1,True,False,2.829,2.834,2.763,2.792,817678.04,2.8236357106346555,2.87241187595132,3.0425411919000966,0.06779206361864476,0.0657659852334493,1.0308073904466495,43.46134254758438,15.818249377295242,18.68785122107678,28.402872317735287,-2.8696018437815383,True,True,True,True,True,True,1.1861547157446994,True,True,0.46665802670675627,True,True,False,True,True,True,True,False,True,2.725,False,other,-0.46665802670675627,-0.5666131682817741,0.988316278095609,0.049426934097421174,2.758434985132529,9.83890981328021,True,starter_short_signal_favorable
2025-04-02 08:00:00+00:00,2.793,2.82,2.776,2.784,594033.44,2.8198608810504027,2.868944743561072,3.0399686427269614,0.06609263050302727,0.06570412914534578,42.39992847064834,2.945,2.751,15.06605510594375,17.799200758115976,26.96811114904536,13.437574122861836,False,True,4.136870963422812,False,True,False,True,False,True,True,True,1.285237747606091,True,True,True,0.5425851683836416,True,False,True,False,True,False,True,False,True,False,False,False,True,False,True,False,False,1.005912891057761,-2.733145652172226,0.0,other,False,Short1,True,False,2.793,2.82,2.776,2.784,594033.44,2.8198608810504027,2.868944743561072,3.0399686427269614,0.06609263050302727,0.06570412914534578,1.005912891057761,42.39992847064834,15.06605510594375,17.799200758115976,26.96811114904536,-2.733145652172226,True,True,True,True,True,True,1.285237747606091,True,True,0.5425851683836416,True,True,False,True,True,True,True,False,True,2.751,False,other,-0.5425851683836416,-0.7405476705732045,0.4992992372801443,0.052442528735632155,2.7083201052468473,10.212938944366618,True,starter_short_signal_favorable
2025-06-04 16:00:00+00:00,2.627,2.629,2.591,2.591,355196.88,2.6111868110702807,2.658410298748451,2.774672713742855,0.059144896203660306,0.06276427543548264,45.74913063609164,2.687,2.4,14.426405251063962,33.173958105355766,32.22032508230601,12.515388332520423,False,True,3.4865444813625657,False,True,False,True,False,True,True,True,1.1397483650377729,True,True,True,0.3413111251521856,True,False,True,False,True,False,True,False,True,False,False,False,True,False,True,False,False,0.9423337685855577,-18.747552854291804,0.0,other,True,flat,False,False,2.627,2.629,2.591,2.591,355196.88,2.6111868110702807,2.658410298748451,2.774672713742855,0.059144896203660306,0.06276427543548264,0.9423337685855577,45.74913063609164,14.426405251063962,33.173958105355766,32.22032508230601,-18.747552854291804,True,True,True,True,True,True,1.1397483650377729,True,True,0.3413111251521856,True,True,False,True,True,True,True,False,True,2.4,False,other,-0.3413111251521856,-0.49725843878699183,3.2293572608921046,0.03280586646082609,4.598875261584565,0.1859839260199584,True,starter_short_signal_favorable
2025-06-17 04:00:00+00:00,2.482,2.485,2.443,2.446,354729.53,2.4689985986259106,2.498517755965972,2.6332564539743504,0.054339378791851606,0.05376542101616342,45.88159746869826,2.57,2.366,18.06494434881561,24.38349517613177,21.476678720045584,12.317628953643261,False,True,3.3674285717397763,False,True,False,True,False,True,True,True,0.9664769295052597,True,True,True,0.4232399990071141,True,False,True,False,True,False,True,False,True,False,False,False,True,False,True,False,False,1.0106752214497798,-6.318550827316159,0.0,other,False,Short1,True,False,2.482,2.485,2.443,2.446,354729.53,2.4689985986259106,2.498517755965972,2.6332564539743504,0.054339378791851606,0.05376542101616342,1.0106752214497798,45.88159746869826,18.06494434881561,24.38349517613177,21.476678720045584,-6.318550827316159,True,True,True,True,True,True,0.9664769295052597,True,True,0.4232399990071141,True,True,False,True,True,True,True,False,True,2.366,False,other,-0.4232399990071141,-0.24876537543339206,1.4722288288653822,0.06295993458708109,4.839952274894945,0.036805720721630464,True,starter_short_signal_favorable
2025-06-19 00:00:00+00:00,2.392,2.418,2.37,2.386,400114.03,2.4125639735073365,2.4587322905355538,2.607711310367232,0.05631751588063322,0.05400143472516407,43.84707358230741,2.448,2.314,12.992548642061744,24.31978128823015,31.44462874836493,12.317628953643261,False,True,3.348123483811462,False,True,False,True,False,True,True,True,1.291468371753329,True,True,True,0.47168226602252145,True,False,True,False,True,False,True,False,True,False,False,False,True,False,True,False,False,1.0428892522440683,-11.327232646168406,0.0,other,False,Short1,True,False,2.392,2.418,2.37,2.386,400114.03,2.4125639735073365,2.4587322905355538,2.607711310367232,0.05631751588063322,0.05400143472516407,1.0428892522440683,43.84707358230741,12.992548642061744,24.31978128823015,31.44462874836493,-11.327232646168406,True,True,True,True,True,True,1.291468371753329,True,True,0.47168226602252145,True,True,False,True,True,True,True,False,True,2.314,False,other,-0.47168226602252145,-0.72326149153821,1.278465480484018,0.12573344509639575,7.49322823283688,0.24859051009411068,True,starter_short_signal_favorable
2025-06-28 00:00:00+00:00,2.212,2.217,2.193,2.195,557449.05,2.2148605776861285,2.2511133193973354,2.451415293469842,0.04964454398385992,0.05368141057353881,45.02026429442887,2.28,2.14,15.494668745258771,19.572564162681655,17.985872784360875,12.219155033706512,False,True,3.251947648608381,False,True,False,True,False,True,True,True,1.13030183972641,True,True,True,0.40005559709815497,True,False,True,False,True,False,True,False,True,False,False,False,True,False,True,False,False,0.9247995433326265,-4.077895417422884,0.0,other,False,Short1,True,False,2.212,2.217,2.193,2.195,557449.05,2.2148605776861285,2.2511133193973354,2.451415293469842,0.04964454398385992,0.05368141057353881,0.9247995433326265,45.02026429442887,15.494668745258771,19.572564162681655,17.985872784360875,-4.077895417422884,True,True,True,True,True,True,1.13030183972641,True,True,0.40005559709815497,True,True,False,True,True,True,True,False,True,2.14,False,other,-0.40005559709815497,-0.687151430143582,1.107876023957052,-0.004555808656036552,0.3021480065337366,4.532220098006147,False,starter_short_signal_unfavorable
2025-08-21 08:00:00+00:00,2.432,2.436,2.39,2.4,612798.01,2.4328793396363184,2.4735370556822813,2.5109757406640365,0.05194969704828656,0.056277068449463584,42.20205221319361,2.463,2.315,12.900798015109018,24.513818878736924,23.60661249678235,11.471363655876509,False,True,2.9456946494320735,False,True,False,True,False,True,True,True,1.41554349419843,True,True,True,0.6329072449788801,True,False,True,False,True,False,True,False,True,False,True,False,True,False,True,False,False,0.9231059555800606,-11.613020863627906,0.0,other,True,flat,False,False,2.432,2.436,2.39,2.4,612798.01,2.4328793396363184,2.4735370556822813,2.5109757406640365,0.05194969704828656,0.056277068449463584,0.9231059555800606,42.20205221319361,12.900798015109018,24.513818878736924,23.60661249678235,-11.613020863627906,True,True,True,True,True,True,1.41554349419843,True,True,0.6329072449788801,True,True,False,True,True,True,True,True,True,2.315,False,other,-0.6329072449788801,-0.7225654395518647,1.6361981845821658,0.039583333333333234,2.406173800856127,4.100120156658842,True,starter_short_signal_favorable
2025-08-22 00:00:00+00:00,2.393,2.419,2.374,2.386,517518.36,2.4182016876751184,2.4609343323478896,2.506164184094153,0.049890391956375256,0.05497227072014601,40.98118954310946,2.463,2.315,9.987204564692352,22.214732390607523,26.813078888062325,11.471363655876509,False,True,2.940185249935237,False,True,False,True,False,True,True,True,1.5019792270506303,True,True,True,0.64544868084572,True,False,True,False,True,False,True,False,True,False,False,False,True,False,True,False,False,0.9075555967181765,-12.227527825915171,0.0,other,False,Short1,True,False,2.393,2.419,2.374,2.386,517518.36,2.4182016876751184,2.4609343323478896,2.506164184094153,0.049890391956375256,0.05497227072014601,0.9075555967181765,40.98118954310946,9.987204564692352,22.214732390607523,26.813078888062325,-12.227527825915171,True,True,True,True,True,True,1.5019792270506303,True,True,0.64544868084572,True,True,False,True,True,True,True,False,True,2.315,False,other,-0.64544868084572,-0.8405292222309546,1.4231197073393091,0.0666387259010898,5.010984884997555,4.549974275577777,True,starter_short_signal_favorable
2025-08-26 20:00:00+00:00,2.346,2.358,2.321,2.324,629963.71,2.3380916890692696,2.398817771424405,2.477570698348225,0.0630369356160852,0.061651004340163865,46.05951972603274,2.42,2.136,21.351203235219117,25.10428755786868,20.97637907023977,11.382683420494654,False,True,2.9200393826979347,False,True,False,True,False,True,True,True,1.1868878252596058,True,True,True,0.22354654349146263,True,False,True,False,True,False,True,False,True,False,False,False,True,False,True,False,False,1.0224802708529184,-3.7530843226495634,0.0,other,True,flat,False,False,2.346,2.358,2.321,2.324,629963.71,2.3380916890692696,2.398817771424405,2.477570698348225,0.0630369356160852,0.061651004340163865,1.0224802708529184,46.05951972603274,21.351203235219117,25.10428755786868,20.97637907023977,-3.7530843226495634,True,True,True,True,True,True,1.1868878252596058,True,True,0.22354654349146263,True,True,False,True,True,True,True,False,True,2.136,False,other,-0.22354654349146263,-0.6475215050585262,2.9823784764059433,0.014199655765920792,1.5229166688030316,1.2373697934024723,True,starter_short_signal_favorable
2025-08-27 04:00:00+00:00,2.329,2.34,2.292,2.298,611503.1,2.333490022117928,2.3922335521683955,2.474320319429917,0.0602359291791755,0.062242702721875987,43.316782649798455,2.358,2.136,19.266040396626927,25.930524759118487,19.965694449656123,11.382683420494654,False,True,2.914108642571587,False,True,False,True,False,True,True,True,1.5644077123487532,True,True,True,0.5891836085463363,True,False,True,False,True,False,True,False,True,False,True,False,True,False,True,False,False,0.9677588945379266,-6.66448436249156,0.0,other,False,Short1,True,False,2.329,2.34,2.292,2.298,611503.1,2.333490022117928,2.3922335521683955,2.474320319429917,0.0602359291791755,0.062242702721875987,0.9677588945379266,43.316782649798455,19.266040396626927,25.930524759118487,19.965694449656123,-6.66448436249156,True,True,True,True,True,True,1.5644077123487532,True,True,0.5891836085463363,True,True,False,True,True,True,True,True,True,2.136,False,other,-0.5891836085463363,-0.8671494385522586,2.6894247703579186,-0.0026109660574411588,1.1620971229941603,1.7265442970199008,False,starter_short_signal_unfavorable
2025-09-30 04:00:00+00:00,2.19,2.204,2.174,2.181,531887.23,2.1890004951130067,2.2317034041669697,2.3527708396959977,0.03721660389654306,0.038693145672246264,46.50398821174886,2.233,2.124,19.249370976982192,22.672339578332455,28.41124924399714,10.944607492592706,False,True,2.7552132571958814,False,True,False,True,False,True,True,True,1.3623866462377374,True,True,True,0.2149711224389752,True,False,True,False,True,False,True,False,True,False,False,False,True,False,True,False,False,0.9618397070062388,-3.422968601350263,0.0,other,True,flat,False,False,2.19,2.204,2.174,2.181,531887.23,2.1890004951130067,2.2317034041669697,2.3527708396959977,0.03721660389654306,0.038693145672246264,0.9618397070062388,46.50398821174886,19.249370976982192,22.672339578332455,28.41124924399714,-3.422968601350263,True,True,True,True,True,True,1.3623866462377374,True,True,0.2149711224389752,True,True,False,True,True,True,True,False,True,2.124,False,other,-0.2149711224389752,-0.7443829169362433,1.5315744595732577,-0.08253094910591478,1.3703560954076572,6.744301567594525,False,starter_short_signal_unfavorable
2025-09-30 08:00:00+00:00,2.182,2.19,2.161,2.177,621532.36,2.1878575908165296,2.2295581726310103,2.351021876116933,0.03662970361821855,0.03826149240994296,45.59482940933965,2.233,2.146,18.160809151875952,23.925230165484997,27.360213825293,10.944607492592706,False,True,2.7552132571958814,False,True,False,True,False,True,True,True,1.4348511573778977,True,True,True,0.2964149240653245,True,False,True,False,True,False,True,False,True,False,False,False,True,False,True,False,False,0.9573516690295029,-5.764421013609045,0.0,other,False,Short1,True,False,2.182,2.19,2.161,2.177,621532.36,2.1878575908165296,2.2295581726310103,2.351021876116933,0.03662970361821855,0.03826149240994296,0.9573516690295029,45.59482940933965,18.160809151875952,23.925230165484997,27.360213825293,-5.764421013609045,True,True,True,True,True,True,1.4348511573778977,True,True,0.2964149240653245,True,True,False,True,True,True,True,False,True,2.146,False,other,-0.2964149240653245,-1.079947930873655,0.8463076939716662,-0.06384933394579687,1.2831116650538148,6.961563289121736,False,starter_short_signal_unfavorable
2025-10-01 00:00:00+00:00,2.188,2.196,2.165,2.165,625038.13,2.183018860931407,2.221186318801381,2.3440336603601053,0.03719864028113135,0.0375420706143373,44.42239502470588,2.233,2.13,15.791693623191751,24.201724695420193,25.974144522406203,10.944607492592706,False,True,2.7495693441889575,False,True,False,True,False,True,True,True,1.5104401229923747,True,True,True,0.48439568745600187,True,False,True,False,True,False,True,False,True,False,True,False,True,False,True,False,False,0.9908521206319719,-8.410031072228442,0.0,other,False,Short1,True,False,2.188,2.196,2.165,2.165,625038.13,2.183018860931407,2.221186318801381,2.3440336603601053,0.03719864028113135,0.0375420706143373,0.9908521206319719,44.42239502470588,15.791693623191751,24.201724695420193,25.974144522406203,-8.410031072228442,True,True,True,True,True,True,1.5104401229923747,True,True,0.48439568745600187,True,True,False,True,True,True,True,True,True,2.13,False,other,-0.48439568745600187,-0.6770763288935729,0.9408946062405822,-0.07990762124711319,0.026882703035442136,7.177681710463838,False,starter_short_signal_unfavorable
2025-10-22 04:00:00+00:00,1.559,1.571,1.526,1.541,1677943.16,1.5625847409619955,1.6087077636319604,1.9571631052628118,0.04720500561330046,0.04582996423126941,46.13418215430222,1.653,1.517,20.20149012496391,28.888746706563214,23.522759012046286,10.682216888567556,False,True,2.5866853250420374,False,True,False,True,False,True,True,True,1.4343344048429307,True,True,True,0.45725534149526464,True,False,True,False,True,False,True,False,True,False,True,False,True,False,True,False,False,1.0300031083396062,-8.687256581599303,0.0,other,True,flat,False,False,1.559,1.571,1.526,1.541,1677943.16,1.5625847409619955,1.6087077636319604,1.9571631052628118,0.04720500561330046,0.04582996423126941,1.0300031083396062,46.13418215430222,20.20149012496391,28.888746706563214,23.522759012046286,-8.687256581599303,True,True,True,True,True,True,1.4343344048429307,True,True,0.45725534149526464,True,True,False,True,True,True,True,True,True,1.517,False,other,-0.45725534149526464,-0.7988085827350472,0.5084206576863067,-0.019467878001297876,1.715919719691283,1.1863148679347157,False,starter_short_signal_unfavorable
2025-10-22 16:00:00+00:00,1.546,1.556,1.512,1.527,1236202.4,1.5549226582721443,1.6001482814568795,1.9446272782237437,0.04641924101035755,0.045655332148724095,44.64528742919572,1.653,1.494,19.163069009124754,28.99824916138372,23.084982359632985,10.682216888567556,False,True,2.5866853250420374,False,True,False,True,False,True,True,True,1.5758181276716257,True,True,True,0.6015319868309341,True,False,True,False,True,False,True,False,True,False,False,False,True,False,True,False,False,1.0167320841987304,-9.835180152258964,0.0,other,False,Short1,True,False,1.546,1.556,1.512,1.527,1236202.4,1.5549226582721443,1.6001482814568795,1.9446272782237437,0.04641924101035755,0.045655332148724095,1.0167320841987304,44.64528742919572,19.163069009124754,28.99824916138372,23.084982359632985,-9.835180152258964,True,True,True,True,True,True,1.5758181276716257,True,True,0.6015319868309341,True,True,False,True,True,True,True,False,True,1.494,False,other,-0.6015319868309341,-0.9510771933351647,0.710912097693209,-0.0779305828421742,1.4433669862256087,2.6497632732201493,False,starter_short_signal_unfavorable
2025-12-02 20:00:00+00:00,1.538,1.548,1.522,1.531,981008.49,1.532872521593994,1.5947822388119808,1.7821102855854407,0.042418812090989126,0.04115582926783993,46.94035958928099,1.578,1.429,21.89758126552355,22.235784139208263,24.053147589524194,10.16899005423777,False,True,2.3297498003328507,False,True,False,True,False,True,True,True,1.5036309521154623,True,True,True,0.04414365942114312,True,False,True,False,True,False,True,False,True,False,False,False,True,False,True,False,False,1.0306878234655357,-0.3382028736847147,0.0,other,True,flat,False,False,1.538,1.548,1.522,1.531,981008.49,1.532872521593994,1.5947822388119808,1.7821102855854407,0.042418812090989126,0.04115582926783993,1.0306878234655357,46.94035958928099,21.89758126552355,22.235784139208263,24.053147589524194,-0.3382028736847147,True,True,True,True,True,True,1.5036309521154623,True,True,0.04414365942114312,True,True,False,True,True,True,True,False,True,1.429,False,other,-0.04414365942114312,-1.1028653681209173,2.4045935039672495,0.025473546701502238,2.1452745966766655,2.145274596676671,True,starter_short_signal_favorable
2025-12-04 16:00:00+00:00,1.594,1.595,1.514,1.545,1943742.24,1.5655793074322144,1.5899659322085622,1.7611345523617987,0.041565995513398235,0.041201121037691,44.97288302019556,1.622,1.524,18.123229711745058,25.471206802864952,17.608860606715236,10.16899005423777,False,True,2.314580130268588,False,True,False,True,False,True,True,True,1.0817961088906942,True,True,True,0.4950995922996964,True,False,True,False,True,False,True,False,True,False,True,False,True,False,True,False,False,1.008855935627903,-7.347977091119894,0.0,other,False,Short1,True,False,1.594,1.595,1.514,1.545,1943742.24,1.5655793074322144,1.5899659322085622,1.7611345523617987,0.041565995513398235,0.041201121037691,1.008855935627903,44.97288302019556,18.123229711745058,25.471206802864952,17.608860606715236,-7.347977091119894,True,True,True,True,True,True,1.0817961088906942,True,True,0.4950995922996964,True,True,False,True,True,True,True,True,True,1.524,False,other,-0.4950995922996964,0.1211102423810616,0.5052206675341347,0.029773462783171407,3.0553821322302572,0.7698600648139238,True,starter_short_signal_favorable
2025-12-05 08:00:00+00:00,1.561,1.562,1.517,1.528,1081391.64,1.5588616004847444,1.5833976016325093,1.7526872046322293,0.03937459386344668,0.04088728180855615,41.8450440588546,1.622,1.514,17.039431444619396,24.616822953677246,16.56276670647583,10.16899005423777,False,True,2.3069226165345724,False,True,False,True,False,True,True,True,1.4069377280342574,True,True,True,0.7837947634907467,True,False,True,False,True,False,True,False,True,False,True,False,True,False,True,False,False,0.963003460288893,-7.5773915090578505,0.0,other,False,Short1,True,False,1.561,1.562,1.517,1.528,1081391.64,1.5588616004847444,1.5833976016325093,1.7526872046322293,0.03937459386344668,0.04088728180855615,0.963003460288893,41.8450440588546,17.039431444619396,24.616822953677246,16.56276670647583,-7.5773915090578505,True,True,True,True,True,True,1.4069377280342574,True,True,0.7837947634907467,True,True,False,True,True,True,True,True,True,1.514,False,other,-0.7837947634907467,-0.5434367578931061,0.3555592229992976,0.03926701570680632,2.793679609280195,0.3301621356422021,True,starter_short_signal_favorable
2025-12-10 08:00:00+00:00,1.499,1.506,1.478,1.488,1490582.27,1.505907736827753,1.5236170124297972,1.6858720496552637,0.03727058170934386,0.03622111348055067,45.90933424881653,1.595,1.465,21.60791600239365,23.091398147540488,20.927035513950912,10.08343791439461,False,True,2.2674149570659456,False,True,False,True,False,True,True,True,0.955633392243725,True,True,True,0.48047913411728155,True,False,True,False,True,False,True,False,True,False,False,False,True,False,True,False,False,1.0289739361369086,-1.4834821451468372,0.0,other,False,Short1,True,False,1.499,1.506,1.478,1.488,1490582.27,1.505907736827753,1.5236170124297972,1.6858720496552637,0.03727058170934386,0.03622111348055067,1.0289739361369086,45.90933424881653,21.60791600239365,23.091398147540488,20.927035513950912,-1.4834821451468372,True,True,True,True,True,True,0.955633392243725,True,True,0.48047913411728155,True,True,False,True,True,True,True,False,True,1.465,False,other,-0.48047913411728155,-0.4726787622255046,0.6171086939121675,0.11155913978494619,5.017361989633732,1.7708336434001415,True,starter_short_signal_favorable
2025-12-27 04:00:00+00:00,1.252,1.258,1.236,1.243,1316057.65,1.2567326481953043,1.2775565380535459,1.4349532137258887,0.03135667993277824,0.03152613827773908,45.27923322141527,1.298,1.2,16.117737234583576,18.69278988301058,17.178260879707015,9.911188951955175,False,True,2.115901510315337,False,True,False,True,False,True,True,True,1.102047095790348,True,True,True,0.4379496880646779,True,False,True,False,True,False,True,False,True,False,False,False,True,False,True,False,False,0.9946248302450512,-2.575052648427004,0.0,other,False,Short1,True,False,1.252,1.258,1.236,1.243,1316057.65,1.2567326481953043,1.2775565380535459,1.4349532137258887,0.03135667993277824,0.03152613827773908,0.9946248302450512,45.27923322141527,16.117737234583576,18.69278988301058,17.178260879707015,-2.575052648427004,True,True,True,True,True,True,1.102047095790348,True,True,0.4379496880646779,True,True,False,True,True,True,True,False,True,1.2,False,other,-0.4379496880646779,-0.6236801247922523,1.3713186501945551,-0.07401448109412699,0.6378226279974658,4.337193870382761,False,starter_short_signal_unfavorable
2025-12-27 08:00:00+00:00,1.243,1.256,1.223,1.242,2320753.97,1.2553295388433705,1.2761621640122303,1.4330332812510043,0.03147405993757979,0.03141355697218629,45.06152732825535,1.298,1.2,14.9106540279318,20.24313219032982,17.03474231268756,9.911188951955175,False,True,2.115901510315337,False,True,False,True,False,True,True,True,1.0854069694212185,True,True,True,0.42350872019072267,True,False,True,False,True,False,True,False,True,False,False,False,True,False,True,False,False,1.0019260144735302,-5.33247816239802,0.0,other,False,Short1,True,False,1.243,1.256,1.223,1.242,2320753.97,1.2553295388433705,1.2761621640122303,1.4330332812510043,0.03147405993757979,0.03141355697218629,1.0019260144735302,45.06152732825535,14.9106540279318,20.24313219032982,17.03474231268756,-5.33247816239802,True,True,True,True,True,True,1.0854069694212185,True,True,0.42350872019072267,True,True,False,True,True,True,True,False,True,1.2,False,other,-0.42350872019072267,-0.6405962259783582,1.334432230328581,-0.07407407407407414,0.15886097980101802,4.352790846547987,False,starter_short_signal_unfavorable
2026-03-09 20:00:00+00:00,0.953,0.958,0.932,0.939,736887.45,0.9546847827009254,0.9700164017941697,1.01180664080181,0.025394540931591734,0.022946025260894787,42.21245554605279,0.98,0.92,16.065610856403573,17.455216811430056,22.419705623758247,9.002147831182338,False,True,1.6163414395457545,False,True,False,True,False,True,True,True,1.2213806848378277,True,True,True,0.6176438764212113,True,False,True,False,True,False,True,False,True,False,False,False,True,False,True,False,False,1.1067076168032366,-1.3896059550264823,0.0,other,True,flat,False,False,0.953,0.958,0.932,0.939,736887.45,0.9546847827009254,0.9700164017941697,1.01180664080181,0.025394540931591734,0.022946025260894787,1.1067076168032366,42.21245554605279,16.065610856403573,17.455216811430056,22.419705623758247,-1.3896059550264823,True,True,True,True,True,True,1.2213806848378277,True,True,0.6176438764212113,True,True,False,True,True,True,True,False,True,0.92,False,other,-0.6176438764212113,-0.4731883843279442,0.7481923005098791,0.0745473908413205,3.622825876153115,0.6694352162456851,True,starter_short_signal_favorable
2026-03-10 00:00:00+00:00,0.939,0.956,0.934,0.936,929922.22,0.9529052795865516,0.9686824252532219,1.0110523458684588,0.025152073722192317,0.022942737742259446,41.31834956756132,0.98,0.92,15.061878114680162,16.364665522461802,21.11440523144909,9.002147831182338,False,True,1.6096017237293787,False,True,False,True,False,True,True,True,1.299392869717351,True,True,True,0.6721226954593237,True,False,True,False,True,False,True,False,True,False,False,False,True,False,True,False,False,1.0962978352781054,-1.30278740778164,0.0,other,False,Short1,True,False,0.939,0.956,0.934,0.936,929922.22,0.9529052795865516,0.9686824252532219,1.0110523458684588,0.025152073722192317,0.022942737742259446,1.0962978352781054,41.31834956756132,15.061878114680162,16.364665522461802,21.11440523144909,-1.30278740778164,True,True,True,True,True,True,1.299392869717351,True,True,0.6721226954593237,True,True,False,True,True,True,True,False,True,0.92,False,other,-0.6721226954593237,-0.5042298059913809,0.6361304509807796,0.06410256410256415,3.5384756335805867,0.5963722977944764,True,starter_short_signal_favorable
2026-03-30 12:00:00+00:00,0.845,0.849,0.825,0.831,1457707.32,0.8337537287491283,0.8594405795723828,0.9209404285580267,0.02111971993748669,0.019839474207387,46.66891552101297,0.863,0.775,19.13686240532711,26.92101963197831,33.76513507999272,8.762456149522395,False,True,1.4786641540590262,False,True,False,True,False,True,True,True,1.3466362080825678,True,True,True,0.13038661295127396,True,False,True,False,True,False,True,False,True,False,True,False,True,False,True,False,False,1.0645302247789916,-7.7841572266512,0.0,other,True,flat,False,False,0.845,0.849,0.825,0.831,1457707.32,0.8337537287491283,0.8594405795723828,0.9209404285580267,0.02111971993748669,0.019839474207387,1.0645302247789916,46.66891552101297,19.13686240532711,26.92101963197831,33.76513507999272,-7.7841572266512,True,True,True,True,True,True,1.3466362080825678,True,True,0.13038661295127396,True,True,False,True,True,True,True,True,True,0.775,False,other,-0.13038661295127396,-0.4943521790670738,2.651550312492643,-0.009626955475330936,1.515171607138651,1.278426043523241,False,starter_short_signal_unfavorable
2026-03-31 12:00:00+00:00,0.829,0.837,0.819,0.819,1179908.67,0.8300022718065768,0.8521336122162717,0.9153563039124565,0.020880226785786025,0.01986707111958604,44.357464422773305,0.863,0.775,17.75986372725023,24.19280995680282,27.713080449318,8.762456149522395,False,True,1.4720704808843095,False,True,False,True,False,True,True,True,1.5868415873158563,True,True,True,0.5269230032533239,True,False,True,False,True,False,True,False,True,False,False,False,True,False,True,False,False,1.0509967302226628,-6.432946229552588,0.0,other,False,Short1,True,False,0.829,0.837,0.819,0.819,1179908.67,0.8300022718065768,0.8521336122162717,0.9153563039124565,0.020880226785786025,0.01986707111958604,1.0509967302226628,44.357464422773305,17.75986372725023,24.19280995680282,27.713080449318,-6.432946229552588,True,True,True,True,True,True,1.5868415873158563,True,True,0.5269230032533239,True,True,False,True,True,True,True,False,True,0.775,False,other,-0.5269230032533239,-0.7247819849626238,2.107256805752341,-0.024420024420024444,0.9578440026146975,1.8677958050986705,False,starter_short_signal_unfavorable
