market,inst_id,source,endpoint_or_method,params,success,status_code,okx_code,row_count,response_sha256,raw_data_path,error_or_msg,fetch_timestamp_utc
AAVEUSDT,AAVE-USDT-SWAP,okx_rubik_stat_taker_volume_contracts_by_ccy_1h,/api/v5/rubik/stat/taker-volume,"{""ccy"": ""AAVE"", ""instType"": ""CONTRACTS"", ""period"": ""1H""}",True,200,0,720,3fd900af3a44f94eb65c61a0e4eaf3f36839442409b0f48e55e0412b7424b26d,research_output/taker_flow_data_availability_audit_round1_raw/okx_rubik_contracts_taker_volume_1h_by_ccy.jsonl,,2026-05-24T04:16:31.318116+00:00
AAVEUSDT,AAVE-USDT-SWAP,okx_rubik_stat_taker_volume_contracts_by_ccy_plus_instid_1h,/api/v5/rubik/stat/taker-volume,"{""ccy"": ""AAVE"", ""instId"": ""AAVE-USDT-SWAP"", ""instType"": ""CONTRACTS"", ""period"": ""1H""}",True,200,0,720,3fd900af3a44f94eb65c61a0e4eaf3f36839442409b0f48e55e0412b7424b26d,research_output/taker_flow_data_availability_audit_round1_raw/okx_rubik_contracts_taker_volume_1h_by_ccy_plus_instid.jsonl,,2026-05-24T04:16:31.318116+00:00
AAVEUSDT,AAVE-USDT-SWAP,okx_public_market_trades_recent_sample,/api/v5/market/trades,"{""instId"": ""AAVE-USDT-SWAP"", ""limit"": ""20""}",True,200,0,20,9be783fc98446e607fd4b524ba971a59600f5e3eb3e3cd941fc1d6ebbbbce2a4,research_output/taker_flow_data_availability_audit_round1_raw/okx_market_trades_sample.jsonl,,2026-05-24T04:16:31.318116+00:00
AAVEUSDT,AAVE-USDT-SWAP,okx_public_market_history_trades_recent_sample,/api/v5/market/history-trades,"{""instId"": ""AAVE-USDT-SWAP"", ""limit"": ""20""}",True,200,0,20,9be783fc98446e607fd4b524ba971a59600f5e3eb3e3cd941fc1d6ebbbbce2a4,research_output/taker_flow_data_availability_audit_round1_raw/okx_market_history_trades_sample.jsonl,,2026-05-24T04:16:31.318116+00:00
ADAUSDT,ADA-USDT-SWAP,okx_rubik_stat_taker_volume_contracts_by_ccy_1h,/api/v5/rubik/stat/taker-volume,"{""ccy"": ""ADA"", ""instType"": ""CONTRACTS"", ""period"": ""1H""}",True,200,0,720,3aada296e3f5bd69bfab5b3276575a818b188cd222c58b95ff270241cb1d3026,research_output/taker_flow_data_availability_audit_round1_raw/okx_rubik_contracts_taker_volume_1h_by_ccy.jsonl,,2026-05-24T04:16:31.318116+00:00
ADAUSDT,ADA-USDT-SWAP,okx_rubik_stat_taker_volume_contracts_by_ccy_plus_instid_1h,/api/v5/rubik/stat/taker-volume,"{""ccy"": ""ADA"", ""instId"": ""ADA-USDT-SWAP"", ""instType"": ""CONTRACTS"", ""period"": ""1H""}",True,200,0,720,3aada296e3f5bd69bfab5b3276575a818b188cd222c58b95ff270241cb1d3026,research_output/taker_flow_data_availability_audit_round1_raw/okx_rubik_contracts_taker_volume_1h_by_ccy_plus_instid.jsonl,,2026-05-24T04:16:31.318116+00:00
ADAUSDT,ADA-USDT-SWAP,okx_public_market_trades_recent_sample,/api/v5/market/trades,"{""instId"": ""ADA-USDT-SWAP"", ""limit"": ""20""}",True,200,0,20,24292ee93c9c01dad40ecee62aab34f5c4adf8989e8c68b1f03dbc5ffa286bb0,research_output/taker_flow_data_availability_audit_round1_raw/okx_market_trades_sample.jsonl,,2026-05-24T04:16:31.318116+00:00
ADAUSDT,ADA-USDT-SWAP,okx_public_market_history_trades_recent_sample,/api/v5/market/history-trades,"{""instId"": ""ADA-USDT-SWAP"", ""limit"": ""20""}",True,200,0,20,8f4a72743181b87132906c03af54e0d260f66967fcc7ac9cb7ebb00bba571493,research_output/taker_flow_data_availability_audit_round1_raw/okx_market_history_trades_sample.jsonl,,2026-05-24T04:16:31.318116+00:00
ATOMUSDT,ATOM-USDT-SWAP,okx_rubik_stat_taker_volume_contracts_by_ccy_1h,/api/v5/rubik/stat/taker-volume,"{""ccy"": ""ATOM"", ""instType"": ""CONTRACTS"", ""period"": ""1H""}",True,200,0,720,90e1d964a0405404303015b872eee0e20ca8e23f44adf9c5607f36daacef52ba,research_output/taker_flow_data_availability_audit_round1_raw/okx_rubik_contracts_taker_volume_1h_by_ccy.jsonl,,2026-05-24T04:16:31.318116+00:00
ATOMUSDT,ATOM-USDT-SWAP,okx_rubik_stat_taker_volume_contracts_by_ccy_plus_instid_1h,/api/v5/rubik/stat/taker-volume,"{""ccy"": ""ATOM"", ""instId"": ""ATOM-USDT-SWAP"", ""instType"": ""CONTRACTS"", ""period"": ""1H""}",True,200,0,720,90e1d964a0405404303015b872eee0e20ca8e23f44adf9c5607f36daacef52ba,research_output/taker_flow_data_availability_audit_round1_raw/okx_rubik_contracts_taker_volume_1h_by_ccy_plus_instid.jsonl,,2026-05-24T04:16:31.318116+00:00
ATOMUSDT,ATOM-USDT-SWAP,okx_public_market_trades_recent_sample,/api/v5/market/trades,"{""instId"": ""ATOM-USDT-SWAP"", ""limit"": ""20""}",True,200,0,20,fc5c9ab1d183525cc368a52324d928013630f7e9d0eb984f173e4d86a82aed82,research_output/taker_flow_data_availability_audit_round1_raw/okx_market_trades_sample.jsonl,,2026-05-24T04:16:31.318116+00:00
ATOMUSDT,ATOM-USDT-SWAP,okx_public_market_history_trades_recent_sample,/api/v5/market/history-trades,"{""instId"": ""ATOM-USDT-SWAP"", ""limit"": ""20""}",True,200,0,20,fc5c9ab1d183525cc368a52324d928013630f7e9d0eb984f173e4d86a82aed82,research_output/taker_flow_data_availability_audit_round1_raw/okx_market_history_trades_sample.jsonl,,2026-05-24T04:16:31.318116+00:00
AVAXUSDT,AVAX-USDT-SWAP,okx_rubik_stat_taker_volume_contracts_by_ccy_1h,/api/v5/rubik/stat/taker-volume,"{""ccy"": ""AVAX"", ""instType"": ""CONTRACTS"", ""period"": ""1H""}",True,200,0,720,99a1a517f59c8e22753cfe94278cb254adcd00a252e81044b6c5a67f952a9c3f,research_output/taker_flow_data_availability_audit_round1_raw/okx_rubik_contracts_taker_volume_1h_by_ccy.jsonl,,2026-05-24T04:16:31.318116+00:00
AVAXUSDT,AVAX-USDT-SWAP,okx_rubik_stat_taker_volume_contracts_by_ccy_plus_instid_1h,/api/v5/rubik/stat/taker-volume,"{""ccy"": ""AVAX"", ""instId"": ""AVAX-USDT-SWAP"", ""instType"": ""CONTRACTS"", ""period"": ""1H""}",True,200,0,720,99a1a517f59c8e22753cfe94278cb254adcd00a252e81044b6c5a67f952a9c3f,research_output/taker_flow_data_availability_audit_round1_raw/okx_rubik_contracts_taker_volume_1h_by_ccy_plus_instid.jsonl,,2026-05-24T04:16:31.318116+00:00
AVAXUSDT,AVAX-USDT-SWAP,okx_public_market_trades_recent_sample,/api/v5/market/trades,"{""instId"": ""AVAX-USDT-SWAP"", ""limit"": ""20""}",True,200,0,20,d2f7feb6f489c356dcf784785789d2f365472c0825eb3216a0d784087433c5f2,research_output/taker_flow_data_availability_audit_round1_raw/okx_market_trades_sample.jsonl,,2026-05-24T04:16:31.318116+00:00
AVAXUSDT,AVAX-USDT-SWAP,okx_public_market_history_trades_recent_sample,/api/v5/market/history-trades,"{""instId"": ""AVAX-USDT-SWAP"", ""limit"": ""20""}",True,200,0,20,d2f7feb6f489c356dcf784785789d2f365472c0825eb3216a0d784087433c5f2,research_output/taker_flow_data_availability_audit_round1_raw/okx_market_history_trades_sample.jsonl,,2026-05-24T04:16:31.318116+00:00
BCHUSDT,BCH-USDT-SWAP,okx_rubik_stat_taker_volume_contracts_by_ccy_1h,/api/v5/rubik/stat/taker-volume,"{""ccy"": ""BCH"", ""instType"": ""CONTRACTS"", ""period"": ""1H""}",True,200,0,720,a9b3e9e7131420587c2cac278a2f06bf1498a03902d9048d4b8c13e26d8e19f2,research_output/taker_flow_data_availability_audit_round1_raw/okx_rubik_contracts_taker_volume_1h_by_ccy.jsonl,,2026-05-24T04:16:31.318116+00:00
BCHUSDT,BCH-USDT-SWAP,okx_rubik_stat_taker_volume_contracts_by_ccy_plus_instid_1h,/api/v5/rubik/stat/taker-volume,"{""ccy"": ""BCH"", ""instId"": ""BCH-USDT-SWAP"", ""instType"": ""CONTRACTS"", ""period"": ""1H""}",True,200,0,720,a9b3e9e7131420587c2cac278a2f06bf1498a03902d9048d4b8c13e26d8e19f2,research_output/taker_flow_data_availability_audit_round1_raw/okx_rubik_contracts_taker_volume_1h_by_ccy_plus_instid.jsonl,,2026-05-24T04:16:31.318116+00:00
BCHUSDT,BCH-USDT-SWAP,okx_public_market_trades_recent_sample,/api/v5/market/trades,"{""instId"": ""BCH-USDT-SWAP"", ""limit"": ""20""}",True,200,0,20,a281ff847c9ecb93b5fb260464587550cc35d499e191478366d4ee3359b1c381,research_output/taker_flow_data_availability_audit_round1_raw/okx_market_trades_sample.jsonl,,2026-05-24T04:16:31.318116+00:00
BCHUSDT,BCH-USDT-SWAP,okx_public_market_history_trades_recent_sample,/api/v5/market/history-trades,"{""instId"": ""BCH-USDT-SWAP"", ""limit"": ""20""}",True,200,0,20,19b70a8d0a5d9d255178482442d31d003c231854eb7a7652c87a9c7ab8fc63e4,research_output/taker_flow_data_availability_audit_round1_raw/okx_market_history_trades_sample.jsonl,,2026-05-24T04:16:31.318116+00:00
BNBUSDT,BNB-USDT-SWAP,okx_rubik_stat_taker_volume_contracts_by_ccy_1h,/api/v5/rubik/stat/taker-volume,"{""ccy"": ""BNB"", ""instType"": ""CONTRACTS"", ""period"": ""1H""}",True,200,0,720,a46936f3e5e8794810d6d3a4872c4e51effec12cd12ceb423b847e05643e434a,research_output/taker_flow_data_availability_audit_round1_raw/okx_rubik_contracts_taker_volume_1h_by_ccy.jsonl,,2026-05-24T04:16:31.318116+00:00
BNBUSDT,BNB-USDT-SWAP,okx_rubik_stat_taker_volume_contracts_by_ccy_plus_instid_1h,/api/v5/rubik/stat/taker-volume,"{""ccy"": ""BNB"", ""instId"": ""BNB-USDT-SWAP"", ""instType"": ""CONTRACTS"", ""period"": ""1H""}",True,200,0,720,a46936f3e5e8794810d6d3a4872c4e51effec12cd12ceb423b847e05643e434a,research_output/taker_flow_data_availability_audit_round1_raw/okx_rubik_contracts_taker_volume_1h_by_ccy_plus_instid.jsonl,,2026-05-24T04:16:31.318116+00:00
BNBUSDT,BNB-USDT-SWAP,okx_public_market_trades_recent_sample,/api/v5/market/trades,"{""instId"": ""BNB-USDT-SWAP"", ""limit"": ""20""}",True,200,0,20,8e01590c882a44b9e6754295a1ff6201bf68d1eb8c08b5dd7580014df8b70e93,research_output/taker_flow_data_availability_audit_round1_raw/okx_market_trades_sample.jsonl,,2026-05-24T04:16:31.318116+00:00
BNBUSDT,BNB-USDT-SWAP,okx_public_market_history_trades_recent_sample,/api/v5/market/history-trades,"{""instId"": ""BNB-USDT-SWAP"", ""limit"": ""20""}",True,200,0,20,8e01590c882a44b9e6754295a1ff6201bf68d1eb8c08b5dd7580014df8b70e93,research_output/taker_flow_data_availability_audit_round1_raw/okx_market_history_trades_sample.jsonl,,2026-05-24T04:16:31.318116+00:00
BTCUSDT,BTC-USDT-SWAP,okx_rubik_stat_taker_volume_contracts_by_ccy_1h,/api/v5/rubik/stat/taker-volume,"{""ccy"": ""BTC"", ""instType"": ""CONTRACTS"", ""period"": ""1H""}",True,200,0,720,c7f4ada30183e7c3d9b47868b8363dc3da1961d5b4769f4eae01f565310f0d18,research_output/taker_flow_data_availability_audit_round1_raw/okx_rubik_contracts_taker_volume_1h_by_ccy.jsonl,,2026-05-24T04:16:31.318116+00:00
BTCUSDT,BTC-USDT-SWAP,okx_rubik_stat_taker_volume_contracts_by_ccy_plus_instid_1h,/api/v5/rubik/stat/taker-volume,"{""ccy"": ""BTC"", ""instId"": ""BTC-USDT-SWAP"", ""instType"": ""CONTRACTS"", ""period"": ""1H""}",True,200,0,720,c7f4ada30183e7c3d9b47868b8363dc3da1961d5b4769f4eae01f565310f0d18,research_output/taker_flow_data_availability_audit_round1_raw/okx_rubik_contracts_taker_volume_1h_by_ccy_plus_instid.jsonl,,2026-05-24T04:16:31.318116+00:00
BTCUSDT,BTC-USDT-SWAP,okx_public_market_trades_recent_sample,/api/v5/market/trades,"{""instId"": ""BTC-USDT-SWAP"", ""limit"": ""20""}",True,200,0,20,de8145a2e52ef2ea515f90c2c78451351b3ebddf51703d0eabba3dd0186850a0,research_output/taker_flow_data_availability_audit_round1_raw/okx_market_trades_sample.jsonl,,2026-05-24T04:16:31.318116+00:00
BTCUSDT,BTC-USDT-SWAP,okx_public_market_history_trades_recent_sample,/api/v5/market/history-trades,"{""instId"": ""BTC-USDT-SWAP"", ""limit"": ""20""}",True,200,0,20,de8145a2e52ef2ea515f90c2c78451351b3ebddf51703d0eabba3dd0186850a0,research_output/taker_flow_data_availability_audit_round1_raw/okx_market_history_trades_sample.jsonl,,2026-05-24T04:16:31.318116+00:00
DOGEUSDT,DOGE-USDT-SWAP,okx_rubik_stat_taker_volume_contracts_by_ccy_1h,/api/v5/rubik/stat/taker-volume,"{""ccy"": ""DOGE"", ""instType"": ""CONTRACTS"", ""period"": ""1H""}",True,200,0,720,a05c08539acb8acb9aeeeddec1afcdb946e968d87455e1de8d73adfc4d851e99,research_output/taker_flow_data_availability_audit_round1_raw/okx_rubik_contracts_taker_volume_1h_by_ccy.jsonl,,2026-05-24T04:16:31.318116+00:00
DOGEUSDT,DOGE-USDT-SWAP,okx_rubik_stat_taker_volume_contracts_by_ccy_plus_instid_1h,/api/v5/rubik/stat/taker-volume,"{""ccy"": ""DOGE"", ""instId"": ""DOGE-USDT-SWAP"", ""instType"": ""CONTRACTS"", ""period"": ""1H""}",True,200,0,720,a05c08539acb8acb9aeeeddec1afcdb946e968d87455e1de8d73adfc4d851e99,research_output/taker_flow_data_availability_audit_round1_raw/okx_rubik_contracts_taker_volume_1h_by_ccy_plus_instid.jsonl,,2026-05-24T04:16:31.318116+00:00
DOGEUSDT,DOGE-USDT-SWAP,okx_public_market_trades_recent_sample,/api/v5/market/trades,"{""instId"": ""DOGE-USDT-SWAP"", ""limit"": ""20""}",True,200,0,20,caf069604f882bb08d350b04ba104de8bd3017216600b834b5eda92063d1252a,research_output/taker_flow_data_availability_audit_round1_raw/okx_market_trades_sample.jsonl,,2026-05-24T04:16:31.318116+00:00
DOGEUSDT,DOGE-USDT-SWAP,okx_public_market_history_trades_recent_sample,/api/v5/market/history-trades,"{""instId"": ""DOGE-USDT-SWAP"", ""limit"": ""20""}",True,200,0,20,ccf5d3e94774a15efe6da04bfd0d31f6ec4febe27ed879f7bb6b11f8e8a660c0,research_output/taker_flow_data_availability_audit_round1_raw/okx_market_history_trades_sample.jsonl,,2026-05-24T04:16:31.318116+00:00
DOTUSDT,DOT-USDT-SWAP,okx_rubik_stat_taker_volume_contracts_by_ccy_1h,/api/v5/rubik/stat/taker-volume,"{""ccy"": ""DOT"", ""instType"": ""CONTRACTS"", ""period"": ""1H""}",True,200,0,720,cf8217b9392c882bbfdbf3f18db0275080cd0d3a3c12bd34ac019355edd8d264,research_output/taker_flow_data_availability_audit_round1_raw/okx_rubik_contracts_taker_volume_1h_by_ccy.jsonl,,2026-05-24T04:16:31.318116+00:00
DOTUSDT,DOT-USDT-SWAP,okx_rubik_stat_taker_volume_contracts_by_ccy_plus_instid_1h,/api/v5/rubik/stat/taker-volume,"{""ccy"": ""DOT"", ""instId"": ""DOT-USDT-SWAP"", ""instType"": ""CONTRACTS"", ""period"": ""1H""}",True,200,0,720,cf8217b9392c882bbfdbf3f18db0275080cd0d3a3c12bd34ac019355edd8d264,research_output/taker_flow_data_availability_audit_round1_raw/okx_rubik_contracts_taker_volume_1h_by_ccy_plus_instid.jsonl,,2026-05-24T04:16:31.318116+00:00
DOTUSDT,DOT-USDT-SWAP,okx_public_market_trades_recent_sample,/api/v5/market/trades,"{""instId"": ""DOT-USDT-SWAP"", ""limit"": ""20""}",True,200,0,20,ce240d6f4ef3e15fd8a1383d23681a7ae12b2d804a9b76bbbde41e58a1262734,research_output/taker_flow_data_availability_audit_round1_raw/okx_market_trades_sample.jsonl,,2026-05-24T04:16:31.318116+00:00
DOTUSDT,DOT-USDT-SWAP,okx_public_market_history_trades_recent_sample,/api/v5/market/history-trades,"{""instId"": ""DOT-USDT-SWAP"", ""limit"": ""20""}",True,200,0,20,ce240d6f4ef3e15fd8a1383d23681a7ae12b2d804a9b76bbbde41e58a1262734,research_output/taker_flow_data_availability_audit_round1_raw/okx_market_history_trades_sample.jsonl,,2026-05-24T04:16:31.318116+00:00
ETCUSDT,ETC-USDT-SWAP,okx_rubik_stat_taker_volume_contracts_by_ccy_1h,/api/v5/rubik/stat/taker-volume,"{""ccy"": ""ETC"", ""instType"": ""CONTRACTS"", ""period"": ""1H""}",True,200,0,720,26280ae442833da456f58ed6b35141e0fc4de99b4e7b31fc534cb3ca03241ed0,research_output/taker_flow_data_availability_audit_round1_raw/okx_rubik_contracts_taker_volume_1h_by_ccy.jsonl,,2026-05-24T04:16:31.318116+00:00
ETCUSDT,ETC-USDT-SWAP,okx_rubik_stat_taker_volume_contracts_by_ccy_plus_instid_1h,/api/v5/rubik/stat/taker-volume,"{""ccy"": ""ETC"", ""instId"": ""ETC-USDT-SWAP"", ""instType"": ""CONTRACTS"", ""period"": ""1H""}",True,200,0,720,26280ae442833da456f58ed6b35141e0fc4de99b4e7b31fc534cb3ca03241ed0,research_output/taker_flow_data_availability_audit_round1_raw/okx_rubik_contracts_taker_volume_1h_by_ccy_plus_instid.jsonl,,2026-05-24T04:16:31.318116+00:00
ETCUSDT,ETC-USDT-SWAP,okx_public_market_trades_recent_sample,/api/v5/market/trades,"{""instId"": ""ETC-USDT-SWAP"", ""limit"": ""20""}",True,200,0,20,a4f44b62dc215e0c8ca653a8865d8300cdcce14cd17c978e71fcfb0040a8e98a,research_output/taker_flow_data_availability_audit_round1_raw/okx_market_trades_sample.jsonl,,2026-05-24T04:16:31.318116+00:00
ETCUSDT,ETC-USDT-SWAP,okx_public_market_history_trades_recent_sample,/api/v5/market/history-trades,"{""instId"": ""ETC-USDT-SWAP"", ""limit"": ""20""}",True,200,0,20,a4f44b62dc215e0c8ca653a8865d8300cdcce14cd17c978e71fcfb0040a8e98a,research_output/taker_flow_data_availability_audit_round1_raw/okx_market_history_trades_sample.jsonl,,2026-05-24T04:16:31.318116+00:00
ETHUSDT,ETH-USDT-SWAP,okx_rubik_stat_taker_volume_contracts_by_ccy_1h,/api/v5/rubik/stat/taker-volume,"{""ccy"": ""ETH"", ""instType"": ""CONTRACTS"", ""period"": ""1H""}",True,200,0,720,a003cea066fe3e515da46ac70704d35bd654683381d865b14bfc7d7392264ba0,research_output/taker_flow_data_availability_audit_round1_raw/okx_rubik_contracts_taker_volume_1h_by_ccy.jsonl,,2026-05-24T04:16:31.318116+00:00
ETHUSDT,ETH-USDT-SWAP,okx_rubik_stat_taker_volume_contracts_by_ccy_plus_instid_1h,/api/v5/rubik/stat/taker-volume,"{""ccy"": ""ETH"", ""instId"": ""ETH-USDT-SWAP"", ""instType"": ""CONTRACTS"", ""period"": ""1H""}",True,200,0,720,a003cea066fe3e515da46ac70704d35bd654683381d865b14bfc7d7392264ba0,research_output/taker_flow_data_availability_audit_round1_raw/okx_rubik_contracts_taker_volume_1h_by_ccy_plus_instid.jsonl,,2026-05-24T04:16:31.318116+00:00
ETHUSDT,ETH-USDT-SWAP,okx_public_market_trades_recent_sample,/api/v5/market/trades,"{""instId"": ""ETH-USDT-SWAP"", ""limit"": ""20""}",True,200,0,20,2f94e8bada4a5670e2581c35c7b906be418dcfa121f5d635105a4416d5237ffd,research_output/taker_flow_data_availability_audit_round1_raw/okx_market_trades_sample.jsonl,,2026-05-24T04:16:31.318116+00:00
ETHUSDT,ETH-USDT-SWAP,okx_public_market_history_trades_recent_sample,/api/v5/market/history-trades,"{""instId"": ""ETH-USDT-SWAP"", ""limit"": ""20""}",True,200,0,20,6d290dc7b3ac29707fba325ae93c5c4dd9488106ed2e0dea557ee61cd27281dd,research_output/taker_flow_data_availability_audit_round1_raw/okx_market_history_trades_sample.jsonl,,2026-05-24T04:16:31.318116+00:00
FILUSDT,FIL-USDT-SWAP,okx_rubik_stat_taker_volume_contracts_by_ccy_1h,/api/v5/rubik/stat/taker-volume,"{""ccy"": ""FIL"", ""instType"": ""CONTRACTS"", ""period"": ""1H""}",True,200,0,720,d2c99a954fcb3f5c5fb56eebec798ae1fb2fd7017ecae2b2853ca8fc4c1b0925,research_output/taker_flow_data_availability_audit_round1_raw/okx_rubik_contracts_taker_volume_1h_by_ccy.jsonl,,2026-05-24T04:16:31.318116+00:00
FILUSDT,FIL-USDT-SWAP,okx_rubik_stat_taker_volume_contracts_by_ccy_plus_instid_1h,/api/v5/rubik/stat/taker-volume,"{""ccy"": ""FIL"", ""instId"": ""FIL-USDT-SWAP"", ""instType"": ""CONTRACTS"", ""period"": ""1H""}",True,200,0,720,d2c99a954fcb3f5c5fb56eebec798ae1fb2fd7017ecae2b2853ca8fc4c1b0925,research_output/taker_flow_data_availability_audit_round1_raw/okx_rubik_contracts_taker_volume_1h_by_ccy_plus_instid.jsonl,,2026-05-24T04:16:31.318116+00:00
FILUSDT,FIL-USDT-SWAP,okx_public_market_trades_recent_sample,/api/v5/market/trades,"{""instId"": ""FIL-USDT-SWAP"", ""limit"": ""20""}",True,200,0,20,9461530af6b732b2f0cc63e1b8f121cc92c0b85a769f6195567588bc830da541,research_output/taker_flow_data_availability_audit_round1_raw/okx_market_trades_sample.jsonl,,2026-05-24T04:16:31.318116+00:00
FILUSDT,FIL-USDT-SWAP,okx_public_market_history_trades_recent_sample,/api/v5/market/history-trades,"{""instId"": ""FIL-USDT-SWAP"", ""limit"": ""20""}",True,200,0,20,b499e0dd9f4f50936773d976bb041451e9d325b459a83b414b46136f09e6fe0f,research_output/taker_flow_data_availability_audit_round1_raw/okx_market_history_trades_sample.jsonl,,2026-05-24T04:16:31.318116+00:00
LINKUSDT,LINK-USDT-SWAP,okx_rubik_stat_taker_volume_contracts_by_ccy_1h,/api/v5/rubik/stat/taker-volume,"{""ccy"": ""LINK"", ""instType"": ""CONTRACTS"", ""period"": ""1H""}",True,200,0,720,6ec0e239f4ebd6a19799f2e44a58ac9404dff4797dae92f487eee0e60e148020,research_output/taker_flow_data_availability_audit_round1_raw/okx_rubik_contracts_taker_volume_1h_by_ccy.jsonl,,2026-05-24T04:16:31.318116+00:00
LINKUSDT,LINK-USDT-SWAP,okx_rubik_stat_taker_volume_contracts_by_ccy_plus_instid_1h,/api/v5/rubik/stat/taker-volume,"{""ccy"": ""LINK"", ""instId"": ""LINK-USDT-SWAP"", ""instType"": ""CONTRACTS"", ""period"": ""1H""}",True,200,0,720,6ec0e239f4ebd6a19799f2e44a58ac9404dff4797dae92f487eee0e60e148020,research_output/taker_flow_data_availability_audit_round1_raw/okx_rubik_contracts_taker_volume_1h_by_ccy_plus_instid.jsonl,,2026-05-24T04:16:31.318116+00:00
LINKUSDT,LINK-USDT-SWAP,okx_public_market_trades_recent_sample,/api/v5/market/trades,"{""instId"": ""LINK-USDT-SWAP"", ""limit"": ""20""}",True,200,0,20,340ea933bd6bd898baa24a859cdf96f55ec6ced30980d484fb049eae0db175b8,research_output/taker_flow_data_availability_audit_round1_raw/okx_market_trades_sample.jsonl,,2026-05-24T04:16:31.318116+00:00
LINKUSDT,LINK-USDT-SWAP,okx_public_market_history_trades_recent_sample,/api/v5/market/history-trades,"{""instId"": ""LINK-USDT-SWAP"", ""limit"": ""20""}",True,200,0,20,340ea933bd6bd898baa24a859cdf96f55ec6ced30980d484fb049eae0db175b8,research_output/taker_flow_data_availability_audit_round1_raw/okx_market_history_trades_sample.jsonl,,2026-05-24T04:16:31.318116+00:00
LTCUSDT,LTC-USDT-SWAP,okx_rubik_stat_taker_volume_contracts_by_ccy_1h,/api/v5/rubik/stat/taker-volume,"{""ccy"": ""LTC"", ""instType"": ""CONTRACTS"", ""period"": ""1H""}",True,200,0,720,10c8471cdac50c9897d8824d77dc28df8227ad27596cfe49df446e1b1b9c77de,research_output/taker_flow_data_availability_audit_round1_raw/okx_rubik_contracts_taker_volume_1h_by_ccy.jsonl,,2026-05-24T04:16:31.318116+00:00
LTCUSDT,LTC-USDT-SWAP,okx_rubik_stat_taker_volume_contracts_by_ccy_plus_instid_1h,/api/v5/rubik/stat/taker-volume,"{""ccy"": ""LTC"", ""instId"": ""LTC-USDT-SWAP"", ""instType"": ""CONTRACTS"", ""period"": ""1H""}",True,200,0,720,10c8471cdac50c9897d8824d77dc28df8227ad27596cfe49df446e1b1b9c77de,research_output/taker_flow_data_availability_audit_round1_raw/okx_rubik_contracts_taker_volume_1h_by_ccy_plus_instid.jsonl,,2026-05-24T04:16:31.318116+00:00
LTCUSDT,LTC-USDT-SWAP,okx_public_market_trades_recent_sample,/api/v5/market/trades,"{""instId"": ""LTC-USDT-SWAP"", ""limit"": ""20""}",True,200,0,20,c163a5f3b35882593abfd686df796d97d0297a28f5214b2d6c573977023bf63e,research_output/taker_flow_data_availability_audit_round1_raw/okx_market_trades_sample.jsonl,,2026-05-24T04:16:31.318116+00:00
LTCUSDT,LTC-USDT-SWAP,okx_public_market_history_trades_recent_sample,/api/v5/market/history-trades,"{""instId"": ""LTC-USDT-SWAP"", ""limit"": ""20""}",True,200,0,20,c163a5f3b35882593abfd686df796d97d0297a28f5214b2d6c573977023bf63e,research_output/taker_flow_data_availability_audit_round1_raw/okx_market_history_trades_sample.jsonl,,2026-05-24T04:16:31.318116+00:00
NEARUSDT,NEAR-USDT-SWAP,okx_rubik_stat_taker_volume_contracts_by_ccy_1h,/api/v5/rubik/stat/taker-volume,"{""ccy"": ""NEAR"", ""instType"": ""CONTRACTS"", ""period"": ""1H""}",True,200,0,720,82bab9d9fc12f5a5ede6de71e7e1dbbf54127047bf68463ba27c0b7d8b6028f2,research_output/taker_flow_data_availability_audit_round1_raw/okx_rubik_contracts_taker_volume_1h_by_ccy.jsonl,,2026-05-24T04:16:31.318116+00:00
NEARUSDT,NEAR-USDT-SWAP,okx_rubik_stat_taker_volume_contracts_by_ccy_plus_instid_1h,/api/v5/rubik/stat/taker-volume,"{""ccy"": ""NEAR"", ""instId"": ""NEAR-USDT-SWAP"", ""instType"": ""CONTRACTS"", ""period"": ""1H""}",True,200,0,720,82bab9d9fc12f5a5ede6de71e7e1dbbf54127047bf68463ba27c0b7d8b6028f2,research_output/taker_flow_data_availability_audit_round1_raw/okx_rubik_contracts_taker_volume_1h_by_ccy_plus_instid.jsonl,,2026-05-24T04:16:31.318116+00:00
NEARUSDT,NEAR-USDT-SWAP,okx_public_market_trades_recent_sample,/api/v5/market/trades,"{""instId"": ""NEAR-USDT-SWAP"", ""limit"": ""20""}",True,200,0,20,1f3aab1f5f075406adb1980e80549fd77d4365c830e5a0e530df3da93a133a85,research_output/taker_flow_data_availability_audit_round1_raw/okx_market_trades_sample.jsonl,,2026-05-24T04:16:31.318116+00:00
NEARUSDT,NEAR-USDT-SWAP,okx_public_market_history_trades_recent_sample,/api/v5/market/history-trades,"{""instId"": ""NEAR-USDT-SWAP"", ""limit"": ""20""}",True,200,0,20,f579af656ce957e9860edeb147bb23cb0d717462258929756f6c23fafa839d8d,research_output/taker_flow_data_availability_audit_round1_raw/okx_market_history_trades_sample.jsonl,,2026-05-24T04:16:31.318116+00:00
SOLUSDT,SOL-USDT-SWAP,okx_rubik_stat_taker_volume_contracts_by_ccy_1h,/api/v5/rubik/stat/taker-volume,"{""ccy"": ""SOL"", ""instType"": ""CONTRACTS"", ""period"": ""1H""}",True,200,0,720,605b0d72c3ed1df8eeb130ea009bd06298b03bcfc780a40b799442c4d3e8dace,research_output/taker_flow_data_availability_audit_round1_raw/okx_rubik_contracts_taker_volume_1h_by_ccy.jsonl,,2026-05-24T04:16:31.318116+00:00
SOLUSDT,SOL-USDT-SWAP,okx_rubik_stat_taker_volume_contracts_by_ccy_plus_instid_1h,/api/v5/rubik/stat/taker-volume,"{""ccy"": ""SOL"", ""instId"": ""SOL-USDT-SWAP"", ""instType"": ""CONTRACTS"", ""period"": ""1H""}",True,200,0,720,605b0d72c3ed1df8eeb130ea009bd06298b03bcfc780a40b799442c4d3e8dace,research_output/taker_flow_data_availability_audit_round1_raw/okx_rubik_contracts_taker_volume_1h_by_ccy_plus_instid.jsonl,,2026-05-24T04:16:31.318116+00:00
SOLUSDT,SOL-USDT-SWAP,okx_public_market_trades_recent_sample,/api/v5/market/trades,"{""instId"": ""SOL-USDT-SWAP"", ""limit"": ""20""}",True,200,0,20,0e12226172fa5b2cb9515c243751f193624a4b8fe1e4bbd704cecbdff780f84c,research_output/taker_flow_data_availability_audit_round1_raw/okx_market_trades_sample.jsonl,,2026-05-24T04:16:31.318116+00:00
SOLUSDT,SOL-USDT-SWAP,okx_public_market_history_trades_recent_sample,/api/v5/market/history-trades,"{""instId"": ""SOL-USDT-SWAP"", ""limit"": ""20""}",True,200,0,20,53cf776dfc330f2a3cf3780536b1d0604f5a4b0f0cd2532432f996228d49af47,research_output/taker_flow_data_availability_audit_round1_raw/okx_market_history_trades_sample.jsonl,,2026-05-24T04:16:31.318116+00:00
TRXUSDT,TRX-USDT-SWAP,okx_rubik_stat_taker_volume_contracts_by_ccy_1h,/api/v5/rubik/stat/taker-volume,"{""ccy"": ""TRX"", ""instType"": ""CONTRACTS"", ""period"": ""1H""}",True,200,0,720,3e1b3f02004eccb09e2ce003281f07154cda2dcc7ac7a8dc4e361b73135044e2,research_output/taker_flow_data_availability_audit_round1_raw/okx_rubik_contracts_taker_volume_1h_by_ccy.jsonl,,2026-05-24T04:16:31.318116+00:00
TRXUSDT,TRX-USDT-SWAP,okx_rubik_stat_taker_volume_contracts_by_ccy_plus_instid_1h,/api/v5/rubik/stat/taker-volume,"{""ccy"": ""TRX"", ""instId"": ""TRX-USDT-SWAP"", ""instType"": ""CONTRACTS"", ""period"": ""1H""}",True,200,0,720,3e1b3f02004eccb09e2ce003281f07154cda2dcc7ac7a8dc4e361b73135044e2,research_output/taker_flow_data_availability_audit_round1_raw/okx_rubik_contracts_taker_volume_1h_by_ccy_plus_instid.jsonl,,2026-05-24T04:16:31.318116+00:00
TRXUSDT,TRX-USDT-SWAP,okx_public_market_trades_recent_sample,/api/v5/market/trades,"{""instId"": ""TRX-USDT-SWAP"", ""limit"": ""20""}",True,200,0,20,197ced1598fef4ad0b0dfd03ad39f6ca171ea433ef5a009814ccadce4bbe2c9c,research_output/taker_flow_data_availability_audit_round1_raw/okx_market_trades_sample.jsonl,,2026-05-24T04:16:31.318116+00:00
TRXUSDT,TRX-USDT-SWAP,okx_public_market_history_trades_recent_sample,/api/v5/market/history-trades,"{""instId"": ""TRX-USDT-SWAP"", ""limit"": ""20""}",True,200,0,20,197ced1598fef4ad0b0dfd03ad39f6ca171ea433ef5a009814ccadce4bbe2c9c,research_output/taker_flow_data_availability_audit_round1_raw/okx_market_history_trades_sample.jsonl,,2026-05-24T04:16:31.318116+00:00
UNIUSDT,UNI-USDT-SWAP,okx_rubik_stat_taker_volume_contracts_by_ccy_1h,/api/v5/rubik/stat/taker-volume,"{""ccy"": ""UNI"", ""instType"": ""CONTRACTS"", ""period"": ""1H""}",True,200,0,720,9a48e3362ed3a624f0e878622b8a9b4347077affd89cdb6ab93331d93b5a003a,research_output/taker_flow_data_availability_audit_round1_raw/okx_rubik_contracts_taker_volume_1h_by_ccy.jsonl,,2026-05-24T04:16:31.318116+00:00
UNIUSDT,UNI-USDT-SWAP,okx_rubik_stat_taker_volume_contracts_by_ccy_plus_instid_1h,/api/v5/rubik/stat/taker-volume,"{""ccy"": ""UNI"", ""instId"": ""UNI-USDT-SWAP"", ""instType"": ""CONTRACTS"", ""period"": ""1H""}",True,200,0,720,f51b5ef9611145fa72012879b8c6f5f2870784ed74924b37c973a58e8ab3e722,research_output/taker_flow_data_availability_audit_round1_raw/okx_rubik_contracts_taker_volume_1h_by_ccy_plus_instid.jsonl,,2026-05-24T04:16:31.318116+00:00
UNIUSDT,UNI-USDT-SWAP,okx_public_market_trades_recent_sample,/api/v5/market/trades,"{""instId"": ""UNI-USDT-SWAP"", ""limit"": ""20""}",True,200,0,20,63083a1e73282a32c34da18fef1d00d5450d48c4d604b9b11d67789213125edb,research_output/taker_flow_data_availability_audit_round1_raw/okx_market_trades_sample.jsonl,,2026-05-24T04:16:31.318116+00:00
UNIUSDT,UNI-USDT-SWAP,okx_public_market_history_trades_recent_sample,/api/v5/market/history-trades,"{""instId"": ""UNI-USDT-SWAP"", ""limit"": ""20""}",True,200,0,20,63083a1e73282a32c34da18fef1d00d5450d48c4d604b9b11d67789213125edb,research_output/taker_flow_data_availability_audit_round1_raw/okx_market_history_trades_sample.jsonl,,2026-05-24T04:16:31.318116+00:00
XRPUSDT,XRP-USDT-SWAP,okx_rubik_stat_taker_volume_contracts_by_ccy_1h,/api/v5/rubik/stat/taker-volume,"{""ccy"": ""XRP"", ""instType"": ""CONTRACTS"", ""period"": ""1H""}",True,200,0,720,1c41c1ca54cc501ad81d139cda1ed3465baab35764e65461c505214f2ae6de81,research_output/taker_flow_data_availability_audit_round1_raw/okx_rubik_contracts_taker_volume_1h_by_ccy.jsonl,,2026-05-24T04:16:31.318116+00:00
XRPUSDT,XRP-USDT-SWAP,okx_rubik_stat_taker_volume_contracts_by_ccy_plus_instid_1h,/api/v5/rubik/stat/taker-volume,"{""ccy"": ""XRP"", ""instId"": ""XRP-USDT-SWAP"", ""instType"": ""CONTRACTS"", ""period"": ""1H""}",True,200,0,720,1c41c1ca54cc501ad81d139cda1ed3465baab35764e65461c505214f2ae6de81,research_output/taker_flow_data_availability_audit_round1_raw/okx_rubik_contracts_taker_volume_1h_by_ccy_plus_instid.jsonl,,2026-05-24T04:16:31.318116+00:00
XRPUSDT,XRP-USDT-SWAP,okx_public_market_trades_recent_sample,/api/v5/market/trades,"{""instId"": ""XRP-USDT-SWAP"", ""limit"": ""20""}",True,200,0,20,13ec9b1041b8889daab676b75a4f2623ff6fec43c0fbf921ac8ab2fbfabd51ed,research_output/taker_flow_data_availability_audit_round1_raw/okx_market_trades_sample.jsonl,,2026-05-24T04:16:31.318116+00:00
XRPUSDT,XRP-USDT-SWAP,okx_public_market_history_trades_recent_sample,/api/v5/market/history-trades,"{""instId"": ""XRP-USDT-SWAP"", ""limit"": ""20""}",True,200,0,20,68597f615aac9d100ed97ee146d4c77eda9915e3b80b2a79557d43d54297891f,research_output/taker_flow_data_availability_audit_round1_raw/okx_market_history_trades_sample.jsonl,,2026-05-24T04:16:31.318116+00:00
